history_id,order_id,status_id,status_date
1,1,1,"2022-09-06 06:52:21"
2,2,1,"2024-07-20 10:40:47"
3,3,1,"2024-02-29 22:55:12"
4,4,1,"2023-12-12 01:30:08"
5,5,1,"2023-04-13 10:17:06"
6,6,1,"2024-08-15 10:28:42"
7,7,1,"2023-02-03 04:15:03"
8,8,1,"2023-12-06 00:15:14"
9,9,1,"2023-08-14 05:15:14"
10,10,1,"2022-03-02 20:27:47"
11,11,1,"2024-05-30 06:59:38"
12,12,1,"2023-02-12 06:13:50"
13,13,1,"2023-04-18 13:27:25"
14,14,1,"2023-05-05 20:04:28"
15,15,1,"2022-08-19 15:27:37"
16,16,1,"2023-09-25 14:22:32"
17,17,1,"2024-01-13 13:53:28"
18,18,1,"2022-11-07 21:03:15"
19,19,1,"2024-08-28 18:42:31"
20,20,1,"2024-09-03 03:52:19"
21,21,1,"2023-09-02 06:27:47"
22,22,1,"2022-06-10 23:30:52"
23,23,1,"2023-02-22 01:31:07"
24,24,1,"2023-07-16 17:57:43"
25,25,1,"2024-09-26 07:29:08"
26,26,1,"2022-12-19 08:36:50"
27,27,1,"2023-06-27 07:47:59"
28,28,1,"2022-05-03 22:56:47"
29,29,1,"2022-10-28 19:33:14"
30,30,1,"2024-06-04 15:53:31"
31,31,1,"2023-06-19 22:00:38"
32,32,1,"2023-10-19 21:38:35"
33,33,1,"2023-10-17 12:13:16"
34,34,1,"2023-08-29 08:23:22"
35,35,1,"2024-03-07 13:54:02"
36,36,1,"2023-04-30 01:00:33"
37,37,1,"2023-05-08 21:31:15"
38,38,1,"2022-07-07 14:43:58"
39,39,1,"2024-05-30 21:24:19"
40,40,1,"2023-01-08 00:04:42"
41,41,1,"2024-06-07 00:05:15"
42,42,1,"2024-11-01 14:10:25"
43,43,1,"2022-10-24 11:44:13"
44,44,1,"2022-09-13 06:48:57"
45,45,1,"2023-10-07 01:57:49"
46,46,1,"2024-01-11 11:12:39"
47,47,1,"2022-06-17 16:11:02"
48,48,1,"2023-04-06 19:59:20"
49,49,1,"2022-08-28 17:27:11"
50,50,1,"2024-11-30 11:00:37"
51,51,1,"2022-04-11 09:33:49"
52,52,1,"2023-10-11 14:50:51"
53,53,1,"2025-01-26 07:43:26"
54,54,1,"2024-03-02 17:49:16"
55,55,1,"2022-05-08 04:21:55"
56,56,1,"2022-11-22 11:44:29"
57,57,1,"2022-08-08 18:49:25"
58,58,1,"2024-03-17 10:25:31"
59,59,1,"2024-05-05 22:43:51"
60,60,1,"2024-06-20 23:54:46"
61,61,1,"2022-08-22 03:45:36"
62,62,1,"2022-09-10 11:30:31"
63,63,1,"2022-03-10 18:10:08"
64,64,1,"2024-02-20 09:23:38"
65,65,1,"2023-09-20 00:38:28"
66,66,1,"2022-03-14 11:37:39"
67,67,1,"2024-02-11 04:58:52"
68,68,1,"2023-02-21 06:02:54"
69,69,1,"2023-06-16 23:46:13"
70,70,1,"2023-03-22 08:20:43"
71,71,1,"2024-11-07 22:11:35"
72,72,1,"2025-01-16 03:51:41"
73,73,1,"2022-12-08 02:19:41"
74,74,1,"2023-02-27 11:58:17"
75,75,1,"2022-05-20 11:44:11"
76,76,1,"2023-08-16 20:50:59"
77,77,1,"2024-03-21 17:42:17"
78,78,1,"2024-05-16 02:46:35"
79,79,1,"2024-11-16 16:54:34"
80,80,1,"2024-02-18 06:35:21"
81,81,1,"2023-05-27 12:52:44"
82,82,1,"2022-03-29 04:45:59"
83,83,1,"2024-09-18 18:47:39"
84,84,1,"2022-04-08 19:39:50"
85,85,1,"2022-06-08 02:17:38"
86,86,1,"2023-08-13 02:14:25"
87,87,1,"2023-07-24 21:28:22"
88,88,1,"2023-12-03 01:35:47"
89,89,1,"2022-03-30 06:12:16"
90,90,1,"2023-02-08 06:41:27"
91,91,1,"2024-08-13 02:41:55"
92,92,1,"2024-07-21 21:28:32"
93,93,1,"2024-10-22 20:30:25"
94,94,1,"2024-03-09 15:46:21"
95,95,1,"2025-01-25 12:51:37"
96,96,1,"2023-06-09 11:43:52"
97,97,1,"2023-06-19 07:30:48"
98,98,1,"2023-09-04 13:52:08"
99,99,1,"2024-06-11 17:09:03"
100,100,1,"2022-03-09 12:11:02"
101,101,1,"2023-04-19 15:55:44"
102,102,1,"2022-10-15 08:25:54"
103,103,1,"2024-01-25 20:34:05"
104,104,1,"2022-12-29 22:05:36"
105,105,1,"2024-01-31 06:20:27"
106,106,1,"2024-05-30 05:19:55"
107,107,1,"2023-11-11 18:36:05"
108,108,1,"2022-06-22 09:03:22"
109,109,1,"2025-01-06 02:33:13"
110,110,1,"2022-11-09 04:32:12"
111,111,1,"2024-11-26 04:03:23"
112,112,1,"2023-04-07 22:44:31"
113,113,1,"2024-09-15 12:28:02"
114,114,1,"2024-11-05 03:59:17"
115,115,1,"2023-07-08 22:45:45"
116,116,1,"2024-01-01 08:06:41"
117,117,1,"2024-02-22 00:08:24"
118,118,1,"2022-06-30 04:26:30"
119,119,1,"2022-11-24 15:15:48"
120,120,1,"2024-05-27 09:14:58"
121,121,1,"2022-05-23 08:58:23"
122,122,1,"2024-07-28 13:29:28"
123,123,1,"2024-03-12 01:53:37"
124,124,1,"2024-04-28 10:19:01"
125,125,1,"2024-03-17 01:42:42"
126,126,1,"2023-11-01 12:55:11"
127,127,1,"2023-10-04 23:02:45"
128,128,1,"2022-09-19 13:36:40"
129,129,1,"2024-07-25 19:15:34"
130,130,1,"2024-02-07 22:34:06"
131,131,1,"2022-09-02 01:52:37"
132,132,1,"2023-07-22 18:05:47"
133,133,1,"2023-05-05 10:19:12"
134,134,1,"2023-04-09 04:22:46"
135,135,1,"2023-11-01 14:55:42"
136,136,1,"2023-03-28 20:35:15"
137,137,1,"2024-10-21 11:45:07"
138,138,1,"2023-12-23 22:30:08"
139,139,1,"2024-02-07 18:22:25"
140,140,1,"2024-12-15 18:56:12"
141,141,1,"2025-01-24 09:20:06"
142,142,1,"2022-06-10 15:14:41"
143,143,1,"2022-07-23 09:23:16"
144,144,1,"2024-06-04 17:53:59"
145,145,1,"2022-11-15 18:54:09"
146,146,1,"2024-07-20 19:14:57"
147,147,1,"2022-06-06 22:35:05"
148,148,1,"2023-12-29 10:02:51"
149,149,1,"2024-10-13 08:30:19"
150,150,1,"2022-10-01 23:50:56"
151,151,1,"2025-01-04 04:16:46"
152,152,1,"2023-04-02 18:00:50"
153,153,1,"2023-06-15 16:16:43"
154,154,1,"2022-03-02 18:40:24"
155,155,1,"2022-11-14 07:06:47"
156,156,1,"2023-10-23 05:37:04"
157,157,1,"2023-05-05 09:45:19"
158,158,1,"2023-12-30 09:17:44"
159,159,1,"2022-08-18 03:07:24"
160,160,1,"2023-10-03 18:36:11"
161,161,1,"2024-07-01 15:54:56"
162,162,1,"2022-07-05 05:56:38"
163,163,1,"2022-12-02 23:44:55"
164,164,1,"2024-09-22 09:58:33"
165,165,1,"2022-04-28 21:47:27"
166,166,1,"2023-05-22 12:18:49"
167,167,1,"2023-03-30 19:08:42"
168,168,1,"2022-12-03 14:07:15"
169,169,1,"2024-02-16 12:55:07"
170,170,1,"2022-12-05 10:20:11"
171,171,1,"2022-03-31 16:05:56"
172,172,1,"2023-02-14 23:41:32"
173,173,1,"2024-12-05 18:26:45"
174,174,1,"2024-05-12 01:31:43"
175,175,1,"2024-04-12 19:48:07"
176,176,1,"2024-11-24 04:23:08"
177,177,1,"2022-04-30 19:12:30"
178,178,1,"2024-12-09 01:10:16"
179,179,1,"2022-09-16 20:22:46"
180,180,1,"2022-10-21 07:31:32"
181,181,1,"2023-09-08 23:44:18"
182,182,1,"2024-08-17 10:28:37"
183,183,1,"2022-07-16 15:41:55"
184,184,1,"2022-05-13 20:44:23"
185,185,1,"2022-11-13 12:36:54"
186,186,1,"2024-12-30 00:52:01"
187,187,1,"2024-12-10 01:30:24"
188,188,1,"2022-09-25 21:02:26"
189,189,1,"2023-03-28 18:28:58"
190,190,1,"2022-09-20 13:24:35"
191,191,1,"2023-04-21 16:31:47"
192,192,1,"2024-02-01 01:55:07"
193,193,1,"2024-09-02 09:00:22"
194,194,1,"2022-10-19 13:44:13"
195,195,1,"2023-11-29 14:18:32"
196,196,1,"2022-12-03 03:16:41"
197,197,1,"2024-01-29 04:31:46"
198,198,1,"2024-12-26 05:26:43"
199,199,1,"2022-11-02 00:57:44"
200,200,1,"2024-10-13 04:50:09"
201,201,1,"2024-03-01 13:07:02"
202,202,1,"2024-11-22 11:25:04"
203,203,1,"2023-04-18 20:37:39"
204,204,1,"2022-05-06 11:40:14"
205,205,1,"2024-08-31 10:16:04"
206,206,1,"2023-05-18 12:18:37"
207,207,1,"2022-12-10 21:09:09"
208,208,1,"2023-04-24 05:33:39"
209,209,1,"2022-03-17 11:27:28"
210,210,1,"2024-12-07 16:02:01"
211,211,1,"2023-09-14 17:48:07"
212,212,1,"2023-09-23 17:06:55"
213,213,1,"2023-04-18 10:54:33"
214,214,1,"2023-10-31 16:16:58"
215,215,1,"2022-12-16 19:29:44"
216,216,1,"2022-07-06 23:09:33"
217,217,1,"2024-11-24 14:59:04"
218,218,1,"2023-04-11 17:24:00"
219,219,1,"2024-12-08 13:01:30"
220,220,1,"2023-02-20 00:48:13"
221,221,1,"2024-12-13 06:43:29"
222,222,1,"2024-08-16 21:02:57"
223,223,1,"2023-02-20 18:50:40"
224,224,1,"2024-10-16 15:06:26"
225,225,1,"2024-08-12 10:33:11"
226,226,1,"2024-05-05 01:30:17"
227,227,1,"2023-10-09 21:58:30"
228,228,1,"2024-05-19 13:47:51"
229,229,1,"2023-02-08 19:15:18"
230,230,1,"2023-05-20 21:31:34"
231,231,1,"2025-02-08 01:14:05"
232,232,1,"2022-05-19 12:42:44"
233,233,1,"2024-01-19 11:39:34"
234,234,1,"2023-05-07 11:14:34"
235,235,1,"2024-11-25 08:29:16"
236,236,1,"2024-10-25 13:38:08"
237,237,1,"2024-03-15 21:56:04"
238,238,1,"2022-05-04 12:30:20"
239,239,1,"2022-05-21 13:41:38"
240,240,1,"2025-01-25 06:35:32"
241,241,1,"2024-08-22 11:14:24"
242,242,1,"2022-05-20 10:22:30"
243,243,1,"2022-04-04 19:54:01"
244,244,1,"2022-03-29 10:51:14"
245,245,1,"2023-01-11 00:50:34"
246,246,1,"2023-02-26 19:27:38"
247,247,1,"2024-07-04 09:33:22"
248,248,1,"2025-01-11 02:51:46"
249,249,1,"2022-10-22 23:19:32"
250,250,1,"2023-11-19 05:40:41"
251,251,1,"2022-04-19 13:19:00"
252,252,1,"2024-06-28 20:52:24"
253,253,1,"2023-06-28 08:19:32"
254,254,1,"2023-08-25 22:14:39"
255,255,1,"2023-09-18 07:29:14"
256,256,1,"2023-07-08 16:03:37"
257,257,1,"2022-03-08 07:20:06"
258,258,1,"2022-08-01 23:35:09"
259,259,1,"2024-04-02 04:06:09"
260,260,1,"2022-05-09 00:12:51"
261,261,1,"2022-03-02 20:46:51"
262,262,1,"2023-10-23 16:21:35"
263,263,1,"2023-09-04 23:03:26"
264,264,1,"2024-05-13 15:37:48"
265,265,1,"2023-09-02 10:30:23"
266,266,1,"2022-03-22 08:44:56"
267,267,1,"2024-12-11 08:25:53"
268,268,1,"2023-10-14 10:44:11"
269,269,1,"2022-03-09 11:07:24"
270,270,1,"2023-03-30 16:51:08"
271,271,1,"2024-09-28 20:37:05"
272,272,1,"2022-10-07 03:13:14"
273,273,1,"2022-08-14 08:40:41"
274,274,1,"2022-08-21 22:34:55"
275,275,1,"2024-05-11 08:06:36"
276,276,1,"2023-11-23 15:30:09"
277,277,1,"2023-07-26 12:11:50"
278,278,1,"2024-06-23 02:24:19"
279,279,1,"2023-10-08 17:46:43"
280,280,1,"2023-02-07 09:48:09"
281,281,1,"2022-10-31 23:48:33"
282,282,1,"2023-09-05 09:57:08"
283,283,1,"2024-03-07 21:58:44"
284,284,1,"2023-03-08 05:22:20"
285,285,1,"2023-07-29 08:22:27"
286,286,1,"2025-01-25 14:10:57"
287,287,1,"2022-12-20 21:46:56"
288,288,1,"2023-07-27 01:14:08"
289,289,1,"2023-11-07 10:22:52"
290,290,1,"2023-11-06 10:41:27"
291,291,1,"2024-03-26 14:36:04"
292,292,1,"2022-08-19 14:54:50"
293,293,1,"2024-09-09 12:41:35"
294,294,1,"2024-04-03 16:24:11"
295,295,1,"2024-06-12 05:23:23"
296,296,1,"2022-12-24 09:08:47"
297,297,1,"2023-05-19 00:06:11"
298,298,1,"2023-02-24 05:35:02"
299,299,1,"2024-03-24 09:16:21"
300,300,1,"2022-10-13 23:31:20"
301,301,1,"2024-08-14 18:02:44"
302,302,1,"2024-07-22 18:08:36"
303,303,1,"2024-10-23 04:22:18"
304,304,1,"2024-03-06 04:01:20"
305,305,1,"2024-11-16 07:03:14"
306,306,1,"2022-11-08 17:50:15"
307,307,1,"2023-02-13 12:28:23"
308,308,1,"2022-05-18 08:31:25"
309,309,1,"2023-11-09 17:48:55"
310,310,1,"2022-09-10 17:04:00"
311,311,1,"2023-03-29 06:53:52"
312,312,1,"2023-02-08 21:19:01"
313,313,1,"2024-08-26 00:15:47"
314,314,1,"2022-03-25 19:02:54"
315,315,1,"2022-04-14 15:59:21"
316,316,1,"2024-02-17 03:44:42"
317,317,1,"2022-09-06 01:45:48"
318,318,1,"2023-07-22 01:05:34"
319,319,1,"2023-03-07 14:42:40"
320,320,1,"2023-03-23 13:48:02"
321,321,1,"2024-06-07 07:51:27"
322,322,1,"2023-01-09 01:51:05"
323,323,1,"2024-04-23 21:01:29"
324,324,1,"2022-07-09 02:15:25"
325,325,1,"2024-10-26 12:05:31"
326,326,1,"2024-09-22 18:09:45"
327,327,1,"2023-03-31 03:28:18"
328,328,1,"2022-11-16 19:16:31"
329,329,1,"2023-03-25 20:07:47"
330,330,1,"2024-04-14 11:16:45"
331,331,1,"2023-02-24 00:02:34"
332,332,1,"2025-01-16 01:52:46"
333,333,1,"2023-04-16 22:21:43"
334,334,1,"2023-11-26 10:20:06"
335,335,1,"2024-05-02 12:45:26"
336,336,1,"2024-01-18 01:22:25"
337,337,1,"2023-09-01 05:15:49"
338,338,1,"2025-01-09 04:25:09"
339,339,1,"2024-04-08 21:24:46"
340,340,1,"2024-09-19 23:45:10"
341,341,1,"2025-01-13 14:26:14"
342,342,1,"2024-01-09 00:38:06"
343,343,1,"2022-11-13 01:57:28"
344,344,1,"2025-01-14 17:14:26"
345,345,1,"2022-10-11 10:07:42"
346,346,1,"2023-03-07 19:48:50"
347,347,1,"2024-03-22 16:20:36"
348,348,1,"2022-06-07 14:39:45"
349,349,1,"2023-12-20 01:35:24"
350,350,1,"2024-04-20 08:13:36"
351,351,1,"2022-10-30 12:29:40"
352,352,1,"2024-10-23 12:48:50"
353,353,1,"2024-10-09 17:43:01"
354,354,1,"2024-03-08 21:18:58"
355,355,1,"2022-05-12 16:25:44"
356,356,1,"2022-12-21 05:31:58"
357,357,1,"2023-12-25 21:39:28"
358,358,1,"2022-10-01 18:54:54"
359,359,1,"2023-03-16 08:12:20"
360,360,1,"2024-11-26 03:38:55"
361,361,1,"2023-02-21 13:01:29"
362,362,1,"2022-04-30 07:21:03"
363,363,1,"2022-09-28 00:17:55"
364,364,1,"2022-11-30 05:30:45"
365,365,1,"2022-06-20 17:22:47"
366,366,1,"2024-06-16 18:07:28"
367,367,1,"2024-04-27 16:29:40"
368,368,1,"2024-10-12 07:18:29"
369,369,1,"2022-10-02 04:50:25"
370,370,1,"2025-01-12 10:10:32"
371,371,1,"2023-09-01 13:15:39"
372,372,1,"2022-03-06 04:45:53"
373,373,1,"2024-02-14 09:34:48"
374,374,1,"2023-07-09 04:48:45"
375,375,1,"2024-07-20 21:19:19"
376,376,1,"2022-08-18 16:11:21"
377,377,1,"2024-10-08 18:11:23"
378,378,1,"2022-10-18 04:07:31"
379,379,1,"2022-12-17 19:13:01"
380,380,1,"2022-11-18 20:54:46"
381,381,1,"2022-11-27 06:14:33"
382,382,1,"2024-01-19 23:48:19"
383,383,1,"2024-08-23 16:31:41"
384,384,1,"2022-08-01 20:28:37"
385,385,1,"2023-01-28 09:26:53"
386,386,1,"2023-12-22 13:42:27"
387,387,1,"2024-08-14 11:20:36"
388,388,1,"2022-10-27 07:14:34"
389,389,1,"2024-10-09 18:02:40"
390,390,1,"2024-02-16 11:55:57"
391,391,1,"2024-03-31 10:59:54"
392,392,1,"2023-05-10 07:02:18"
393,393,1,"2023-04-21 20:56:19"
394,394,1,"2024-05-10 19:58:01"
395,395,1,"2023-11-14 14:36:41"
396,396,1,"2023-02-07 02:48:11"
397,397,1,"2024-11-22 10:03:23"
398,398,1,"2023-11-10 03:34:39"
399,399,1,"2024-01-23 16:06:42"
400,400,1,"2022-04-01 16:51:09"
401,401,1,"2024-12-09 20:47:28"
402,402,1,"2023-06-18 01:27:54"
403,403,1,"2025-01-18 05:19:54"
404,404,1,"2023-08-11 15:47:10"
405,405,1,"2023-12-10 07:20:02"
406,406,1,"2022-02-26 22:05:29"
407,407,1,"2024-04-17 22:34:29"
408,408,1,"2024-01-01 10:45:10"
409,409,1,"2023-03-02 16:44:38"
410,410,1,"2024-12-07 08:22:28"
411,411,1,"2024-01-26 23:33:22"
412,412,1,"2024-09-18 17:43:44"
413,413,1,"2023-10-15 21:57:57"
414,414,1,"2024-04-28 01:43:37"
415,415,1,"2024-10-30 14:18:45"
416,416,1,"2023-09-08 23:27:41"
417,417,1,"2024-05-18 05:35:09"
418,418,1,"2023-10-17 19:50:45"
419,419,1,"2024-06-24 00:07:27"
420,420,1,"2024-10-03 22:40:56"
421,421,1,"2023-11-20 03:25:28"
422,422,1,"2022-10-11 22:55:31"
423,423,1,"2024-08-14 20:55:12"
424,424,1,"2024-08-01 16:49:35"
425,425,1,"2022-05-04 14:13:12"
426,426,1,"2024-12-10 18:36:36"
427,427,1,"2022-09-10 15:25:47"
428,428,1,"2022-06-07 22:05:33"
429,429,1,"2022-10-12 08:23:44"
430,430,1,"2022-09-14 11:52:16"
431,431,1,"2024-02-21 10:17:11"
432,432,1,"2022-02-22 15:26:04"
433,433,1,"2022-04-09 00:49:15"
434,434,1,"2024-08-07 07:49:49"
435,435,1,"2022-10-16 03:33:28"
436,436,1,"2024-05-17 17:25:32"
437,437,1,"2022-11-13 20:58:11"
438,438,1,"2024-11-17 13:05:58"
439,439,1,"2022-09-24 14:52:17"
440,440,1,"2023-09-29 22:34:41"
441,441,1,"2023-05-11 19:30:20"
442,442,1,"2024-11-29 06:22:13"
443,443,1,"2024-11-27 14:06:52"
444,444,1,"2022-11-01 15:58:21"
445,445,1,"2022-06-28 03:06:45"
446,446,1,"2022-07-18 04:12:51"
447,447,1,"2023-09-24 07:06:05"
448,448,1,"2024-10-07 00:37:03"
449,449,1,"2024-10-19 19:42:17"
450,450,1,"2022-02-20 08:15:04"
451,451,1,"2022-03-09 11:48:01"
452,452,1,"2023-01-22 00:26:32"
453,453,1,"2024-03-27 04:25:58"
454,454,1,"2023-10-08 06:51:24"
455,455,1,"2022-03-29 15:36:16"
456,456,1,"2024-06-11 07:58:18"
457,457,1,"2023-01-31 00:13:10"
458,458,1,"2022-05-06 17:42:38"
459,459,1,"2023-08-10 00:16:26"
460,460,1,"2024-03-14 05:33:49"
461,461,1,"2024-02-27 07:40:49"
462,462,1,"2023-12-17 01:40:27"
463,463,1,"2023-08-12 17:21:37"
464,464,1,"2024-10-18 05:35:35"
465,465,1,"2023-06-06 02:57:32"
466,466,1,"2022-09-29 21:01:04"
467,467,1,"2025-02-03 12:28:27"
468,468,1,"2024-11-23 12:09:38"
469,469,1,"2023-12-22 11:56:41"
470,470,1,"2023-03-27 13:16:47"
471,471,1,"2023-06-24 15:04:31"
472,472,1,"2022-10-09 09:48:39"
473,473,1,"2022-02-20 01:19:01"
474,474,1,"2022-06-16 03:53:16"
475,475,1,"2022-03-14 16:56:31"
476,476,1,"2023-06-26 02:57:38"
477,477,1,"2023-03-06 10:07:25"
478,478,1,"2023-10-22 12:14:09"
479,479,1,"2023-07-14 01:50:28"
480,480,1,"2024-08-15 22:31:33"
481,481,1,"2023-11-14 09:14:38"
482,482,1,"2023-09-14 07:54:10"
483,483,1,"2024-04-26 07:24:11"
484,484,1,"2022-07-10 13:39:11"
485,485,1,"2024-11-08 18:54:17"
486,486,1,"2022-05-13 13:29:23"
487,487,1,"2022-12-23 08:34:27"
488,488,1,"2024-01-27 08:54:48"
489,489,1,"2024-05-23 04:55:31"
490,490,1,"2023-08-08 09:42:13"
491,491,1,"2023-09-05 10:26:32"
492,492,1,"2023-04-11 12:55:49"
493,493,1,"2023-12-01 00:42:12"
494,494,1,"2024-09-17 11:19:47"
495,495,1,"2025-02-08 08:30:35"
496,496,1,"2022-06-01 09:27:55"
497,497,1,"2024-09-12 08:09:57"
498,498,1,"2023-05-09 20:10:20"
499,499,1,"2022-03-15 21:00:19"
500,500,1,"2024-06-22 01:54:42"
501,501,1,"2023-12-22 18:19:11"
502,502,1,"2024-01-17 19:54:43"
503,503,1,"2023-11-22 16:24:18"
504,504,1,"2023-04-28 07:01:20"
505,505,1,"2022-11-12 08:31:05"
506,506,1,"2022-04-28 23:36:29"
507,507,1,"2022-02-28 11:23:45"
508,508,1,"2023-12-02 09:35:17"
509,509,1,"2022-10-22 11:39:52"
510,510,1,"2024-11-09 05:53:49"
511,511,1,"2022-10-31 06:35:48"
512,512,1,"2022-11-12 13:08:40"
513,513,1,"2023-10-01 03:04:25"
514,514,1,"2022-03-21 19:51:46"
515,515,1,"2024-03-21 13:18:40"
516,516,1,"2025-01-05 23:41:26"
517,517,1,"2025-02-13 18:10:36"
518,518,1,"2022-12-26 05:41:28"
519,519,1,"2023-05-22 19:37:41"
520,520,1,"2023-04-27 07:22:00"
521,521,1,"2024-05-03 01:13:30"
522,522,1,"2023-05-02 08:29:07"
523,523,1,"2025-01-30 16:52:52"
524,524,1,"2022-05-27 22:10:30"
525,525,1,"2024-09-06 01:15:31"
526,526,1,"2023-02-19 13:07:29"
527,527,1,"2024-03-21 05:16:58"
528,528,1,"2022-10-06 14:59:05"
529,529,1,"2024-04-23 06:01:42"
530,530,1,"2024-10-21 20:41:25"
531,531,1,"2023-05-06 12:12:00"
532,532,1,"2024-01-20 04:10:38"
533,533,1,"2023-09-16 09:21:27"
534,534,1,"2022-10-07 06:18:21"
535,535,1,"2022-12-21 01:38:00"
536,536,1,"2023-04-29 13:03:37"
537,537,1,"2022-03-25 12:07:53"
538,538,1,"2022-03-21 04:55:07"
539,539,1,"2022-11-07 22:57:13"
540,540,1,"2023-01-07 20:15:22"
541,541,1,"2023-06-30 03:08:59"
542,542,1,"2024-12-30 19:33:50"
543,543,1,"2022-05-06 17:46:06"
544,544,1,"2024-05-04 14:22:06"
545,545,1,"2023-03-08 16:59:10"
546,546,1,"2022-03-15 21:18:38"
547,547,1,"2022-12-30 02:39:09"
548,548,1,"2022-11-18 14:56:52"
549,549,1,"2022-07-30 00:54:08"
550,550,1,"2023-10-19 12:16:28"
551,551,1,"2022-10-16 06:01:54"
552,552,1,"2022-08-07 06:42:19"
553,553,1,"2025-01-21 22:04:18"
554,554,1,"2022-07-21 22:56:37"
555,555,1,"2024-10-01 05:00:34"
556,556,1,"2023-01-31 10:23:03"
557,557,1,"2022-08-16 16:24:51"
558,558,1,"2022-11-26 13:15:00"
559,559,1,"2023-05-01 12:28:59"
560,560,1,"2022-12-05 10:36:37"
561,561,1,"2023-06-11 18:09:39"
562,562,1,"2024-11-09 11:00:16"
563,563,1,"2023-02-14 00:59:11"
564,564,1,"2022-05-07 15:01:53"
565,565,1,"2023-04-20 10:11:53"
566,566,1,"2024-05-15 22:47:10"
567,567,1,"2024-02-28 13:08:08"
568,568,1,"2022-07-03 22:23:40"
569,569,1,"2022-11-28 15:41:52"
570,570,1,"2024-07-15 12:02:49"
571,571,1,"2024-11-01 09:54:40"
572,572,1,"2024-11-03 04:15:40"
573,573,1,"2022-03-31 13:37:45"
574,574,1,"2023-11-24 15:44:11"
575,575,1,"2024-08-18 21:15:28"
576,576,1,"2023-09-22 04:26:14"
577,577,1,"2023-11-08 15:54:32"
578,578,1,"2022-07-05 17:20:42"
579,579,1,"2022-10-08 07:33:43"
580,580,1,"2024-10-20 19:22:00"
581,581,1,"2022-03-01 10:12:46"
582,582,1,"2022-08-28 22:47:30"
583,583,1,"2022-10-23 12:19:26"
584,584,1,"2024-04-01 06:46:53"
585,585,1,"2023-04-05 16:00:04"
586,586,1,"2024-06-22 10:57:27"
587,587,1,"2023-06-23 00:43:25"
588,588,1,"2023-07-10 16:48:30"
589,589,1,"2024-06-12 14:32:02"
590,590,1,"2023-08-08 19:08:57"
591,591,1,"2023-03-13 22:16:05"
592,592,1,"2023-02-15 16:59:39"
593,593,1,"2022-05-28 04:53:12"
594,594,1,"2024-05-02 16:06:16"
595,595,1,"2022-07-15 22:41:26"
596,596,1,"2024-12-19 23:53:34"
597,597,1,"2024-05-22 15:08:49"
598,598,1,"2024-06-26 21:30:20"
599,599,1,"2022-07-18 10:44:22"
600,600,1,"2023-09-24 19:25:21"
601,601,1,"2024-10-18 20:30:29"
602,602,1,"2022-05-24 07:39:09"
603,603,1,"2024-01-18 15:19:08"
604,604,1,"2023-03-10 11:09:23"
605,605,1,"2024-11-29 18:20:31"
606,606,1,"2023-06-25 13:18:40"
607,607,1,"2022-09-15 04:04:33"
608,608,1,"2023-11-08 14:06:16"
609,609,1,"2022-09-01 19:46:41"
610,610,1,"2022-10-18 04:43:45"
611,611,1,"2023-11-24 20:45:24"
612,612,1,"2022-09-12 07:34:38"
613,613,1,"2022-12-11 20:09:05"
614,614,1,"2023-06-25 17:15:12"
615,615,1,"2022-06-12 05:13:44"
616,616,1,"2024-11-21 09:08:09"
617,617,1,"2023-09-23 10:24:54"
618,618,1,"2024-08-04 10:48:33"
619,619,1,"2024-07-04 18:36:32"
620,620,1,"2024-02-20 08:34:13"
621,621,1,"2023-10-29 06:47:25"
622,622,1,"2024-03-23 23:05:08"
623,623,1,"2022-09-11 18:06:24"
624,624,1,"2022-12-16 20:31:37"
625,625,1,"2023-09-26 05:29:46"
626,626,1,"2024-02-17 21:59:53"
627,627,1,"2024-09-05 19:37:31"
628,628,1,"2022-07-26 18:29:20"
629,629,1,"2022-06-01 06:09:03"
630,630,1,"2023-07-29 08:00:32"
631,631,1,"2022-12-12 12:56:44"
632,632,1,"2024-08-14 00:49:52"
633,633,1,"2023-01-16 04:31:03"
634,634,1,"2023-01-06 06:34:40"
635,635,1,"2024-09-13 08:37:57"
636,636,1,"2024-01-04 12:36:10"
637,637,1,"2022-08-21 22:37:48"
638,638,1,"2023-11-04 04:27:39"
639,639,1,"2023-01-11 08:54:35"
640,640,1,"2023-10-10 11:26:12"
641,641,1,"2024-03-24 04:00:57"
642,642,1,"2023-02-24 07:53:21"
643,643,1,"2022-08-01 12:31:30"
644,644,1,"2024-07-08 00:11:41"
645,645,1,"2024-05-18 07:38:13"
646,646,1,"2022-05-04 13:53:48"
647,647,1,"2023-10-24 12:56:45"
648,648,1,"2022-03-08 16:22:15"
649,649,1,"2022-12-11 01:49:59"
650,650,1,"2025-01-20 04:30:01"
651,651,1,"2022-05-13 07:02:00"
652,652,1,"2024-03-11 07:08:44"
653,653,1,"2023-03-05 07:19:49"
654,654,1,"2023-05-13 06:09:11"
655,655,1,"2024-02-15 09:10:55"
656,656,1,"2024-11-20 07:37:27"
657,657,1,"2023-07-26 01:07:38"
658,658,1,"2024-07-10 04:33:48"
659,659,1,"2024-08-26 01:34:58"
660,660,1,"2024-06-22 21:41:12"
661,661,1,"2022-12-20 05:05:31"
662,662,1,"2022-11-24 10:50:08"
663,663,1,"2023-02-14 11:24:11"
664,664,1,"2025-01-14 19:02:02"
665,665,1,"2023-06-18 23:18:27"
666,666,1,"2024-03-20 04:11:12"
667,667,1,"2022-10-05 07:03:56"
668,668,1,"2024-04-08 11:56:10"
669,669,1,"2024-02-04 11:05:44"
670,670,1,"2022-02-23 03:38:55"
671,671,1,"2022-09-16 09:58:08"
672,672,1,"2023-12-12 21:13:20"
673,673,1,"2024-06-05 18:07:40"
674,674,1,"2022-06-02 05:29:11"
675,675,1,"2024-11-07 02:25:29"
676,676,1,"2023-03-23 14:03:29"
677,677,1,"2024-05-11 15:01:30"
678,678,1,"2024-08-24 10:27:13"
679,679,1,"2022-11-03 22:35:14"
680,680,1,"2024-12-06 11:24:17"
681,681,1,"2023-12-18 16:23:39"
682,682,1,"2022-09-11 05:41:46"
683,683,1,"2022-04-26 02:50:53"
684,684,1,"2023-07-15 06:01:08"
685,685,1,"2023-02-14 12:59:52"
686,686,1,"2022-04-22 19:31:18"
687,687,1,"2022-07-08 21:41:03"
688,688,1,"2024-11-08 13:45:37"
689,689,1,"2022-05-29 09:11:36"
690,690,1,"2023-10-22 11:52:30"
691,691,1,"2024-06-20 10:18:40"
692,692,1,"2024-06-10 21:54:53"
693,693,1,"2024-01-03 12:35:25"
694,694,1,"2024-12-07 07:18:17"
695,695,1,"2022-06-29 03:57:11"
696,696,1,"2024-09-16 04:39:02"
697,697,1,"2022-11-10 20:41:36"
698,698,1,"2024-09-27 11:53:36"
699,699,1,"2023-02-17 21:47:23"
700,700,1,"2023-08-14 10:24:24"
701,701,1,"2023-05-04 11:33:08"
702,702,1,"2022-09-01 08:03:45"
703,703,1,"2024-05-26 17:28:00"
704,704,1,"2024-06-08 20:46:05"
705,705,1,"2024-07-03 02:51:01"
706,706,1,"2022-06-06 21:02:57"
707,707,1,"2024-06-05 09:48:21"
708,708,1,"2024-01-28 03:59:50"
709,709,1,"2023-05-04 11:38:16"
710,710,1,"2024-07-20 06:22:28"
711,711,1,"2024-03-20 09:34:42"
712,712,1,"2024-12-21 13:52:50"
713,713,1,"2024-05-02 15:04:34"
714,714,1,"2023-05-27 04:24:31"
715,715,1,"2023-05-22 20:44:34"
716,716,1,"2022-07-24 12:01:06"
717,717,1,"2024-12-10 18:26:27"
718,718,1,"2023-09-08 00:16:12"
719,719,1,"2023-04-27 06:00:21"
720,720,1,"2024-09-06 14:37:02"
721,721,1,"2023-12-03 16:43:46"
722,722,1,"2024-02-27 05:39:38"
723,723,1,"2023-06-20 09:29:33"
724,724,1,"2023-04-03 20:46:44"
725,725,1,"2022-06-08 03:33:35"
726,726,1,"2023-09-25 08:23:15"
727,727,1,"2022-10-20 14:28:29"
728,728,1,"2023-06-07 18:51:49"
729,729,1,"2022-10-14 10:15:42"
730,730,1,"2022-10-30 04:42:38"
731,731,1,"2023-06-13 07:13:20"
732,732,1,"2022-11-01 01:34:26"
733,733,1,"2023-08-08 07:18:25"
734,734,1,"2022-09-18 15:20:09"
735,735,1,"2022-12-15 06:38:45"
736,736,1,"2023-06-26 12:17:08"
737,737,1,"2022-05-28 13:35:22"
738,738,1,"2024-02-11 18:17:27"
739,739,1,"2024-04-29 21:31:27"
740,740,1,"2024-12-29 08:44:02"
741,741,1,"2023-10-02 16:11:57"
742,742,1,"2024-02-18 14:44:20"
743,743,1,"2024-07-19 09:02:38"
744,744,1,"2023-01-12 19:22:19"
745,745,1,"2023-06-19 10:07:00"
746,746,1,"2024-04-25 13:26:06"
747,747,1,"2024-08-14 22:35:09"
748,748,1,"2022-10-04 20:16:27"
749,749,1,"2023-08-13 06:01:14"
750,750,1,"2023-08-19 11:04:01"
751,751,1,"2022-04-04 10:25:52"
752,752,1,"2022-12-22 19:46:48"
753,753,1,"2025-01-02 23:45:08"
754,754,1,"2024-03-05 09:40:05"
755,755,1,"2023-01-26 13:20:30"
756,756,1,"2024-07-17 09:17:39"
757,757,1,"2023-06-29 15:13:29"
758,758,1,"2023-03-30 01:38:07"
759,759,1,"2024-12-17 16:51:40"
760,760,1,"2023-11-30 06:35:38"
761,761,1,"2024-06-24 04:42:03"
762,762,1,"2023-09-08 13:52:42"
763,763,1,"2024-07-05 22:17:35"
764,764,1,"2023-05-05 10:25:02"
765,765,1,"2023-08-31 04:12:03"
766,766,1,"2022-05-04 08:15:03"
767,767,1,"2024-03-26 16:04:56"
768,768,1,"2024-03-18 09:14:36"
769,769,1,"2024-09-13 08:05:25"
770,770,1,"2022-03-30 09:39:17"
771,771,1,"2025-01-29 17:33:12"
772,772,1,"2023-02-22 10:45:22"
773,773,1,"2023-10-17 09:08:39"
774,774,1,"2023-07-30 09:15:59"
775,775,1,"2022-08-10 10:00:15"
776,776,1,"2024-02-14 09:48:20"
777,777,1,"2022-08-21 06:03:08"
778,778,1,"2022-10-18 09:12:05"
779,779,1,"2024-03-11 14:10:47"
780,780,1,"2022-04-16 19:14:46"
781,781,1,"2024-07-23 18:41:07"
782,782,1,"2024-11-05 05:54:37"
783,783,1,"2024-11-06 09:40:34"
784,784,1,"2022-05-01 00:58:05"
785,785,1,"2022-05-19 21:07:49"
786,786,1,"2025-01-22 05:50:19"
787,787,1,"2024-07-15 19:32:27"
788,788,1,"2023-06-27 16:18:14"
789,789,1,"2023-03-06 16:21:40"
790,790,1,"2023-10-16 14:32:35"
791,791,1,"2023-03-22 08:41:13"
792,792,1,"2024-11-10 23:54:37"
793,793,1,"2022-03-18 12:52:50"
794,794,1,"2022-12-30 19:00:50"
795,795,1,"2022-11-05 09:19:34"
796,796,1,"2024-11-18 20:28:08"
797,797,1,"2023-01-01 15:54:52"
798,798,1,"2022-11-07 08:32:44"
799,799,1,"2024-12-10 01:09:15"
800,800,1,"2024-01-16 02:50:13"
801,801,1,"2024-02-04 01:27:17"
802,802,1,"2024-03-13 13:13:26"
803,803,1,"2022-09-20 22:50:49"
804,804,1,"2023-09-07 20:02:08"
805,805,1,"2022-05-01 16:41:23"
806,806,1,"2023-11-28 12:59:10"
807,807,1,"2024-01-27 11:32:14"
808,808,1,"2024-12-30 23:37:51"
809,809,1,"2023-02-24 01:32:27"
810,810,1,"2024-08-10 13:32:35"
811,811,1,"2024-01-12 13:52:11"
812,812,1,"2023-11-26 21:49:45"
813,813,1,"2023-09-08 18:30:25"
814,814,1,"2023-09-16 20:23:57"
815,815,1,"2023-01-31 00:19:21"
816,816,1,"2022-12-25 22:14:32"
817,817,1,"2023-09-20 15:13:30"
818,818,1,"2023-08-15 10:29:41"
819,819,1,"2024-02-08 17:41:12"
820,820,1,"2022-03-23 00:51:49"
821,821,1,"2024-01-18 10:32:07"
822,822,1,"2024-09-15 12:00:23"
823,823,1,"2023-10-25 06:20:32"
824,824,1,"2024-11-18 01:41:08"
825,825,1,"2023-03-23 00:55:48"
826,826,1,"2024-01-24 07:35:12"
827,827,1,"2025-01-01 10:10:26"
828,828,1,"2023-04-19 08:38:10"
829,829,1,"2024-05-21 22:16:20"
830,830,1,"2024-07-02 22:16:16"
831,831,1,"2022-11-12 16:28:16"
832,832,1,"2023-09-14 13:45:46"
833,833,1,"2024-05-12 09:06:52"
834,834,1,"2023-05-10 03:45:01"
835,835,1,"2022-03-31 12:44:51"
836,836,1,"2022-04-14 17:38:07"
837,837,1,"2023-12-20 10:34:38"
838,838,1,"2022-08-22 08:47:28"
839,839,1,"2024-03-22 16:42:48"
840,840,1,"2024-04-18 14:05:42"
841,841,1,"2023-06-02 23:58:23"
842,842,1,"2024-02-02 17:27:38"
843,843,1,"2023-09-17 03:16:04"
844,844,1,"2022-06-21 21:43:50"
845,845,1,"2023-05-11 08:28:12"
846,846,1,"2024-05-01 06:53:43"
847,847,1,"2022-11-25 06:22:30"
848,848,1,"2022-11-21 15:18:26"
849,849,1,"2023-08-10 14:46:57"
850,850,1,"2022-05-01 07:53:06"
851,851,1,"2024-08-05 19:36:24"
852,852,1,"2022-03-02 00:17:00"
853,853,1,"2024-07-21 04:56:09"
854,854,1,"2022-10-31 14:01:02"
855,855,1,"2022-08-10 14:41:18"
856,856,1,"2024-11-04 19:23:09"
857,857,1,"2024-05-29 08:59:21"
858,858,1,"2022-12-09 04:05:36"
859,859,1,"2022-12-07 20:03:14"
860,860,1,"2024-02-08 03:40:56"
861,861,1,"2022-05-11 12:19:32"
862,862,1,"2023-08-26 23:40:36"
863,863,1,"2024-12-17 18:26:28"
864,864,1,"2023-03-23 13:51:26"
865,865,1,"2023-05-18 08:29:58"
866,866,1,"2023-12-04 09:52:21"
867,867,1,"2023-12-23 01:56:54"
868,868,1,"2022-12-30 22:04:59"
869,869,1,"2024-12-19 05:54:48"
870,870,1,"2023-03-15 14:07:22"
871,871,1,"2022-12-03 08:58:15"
872,872,1,"2024-06-28 05:57:55"
873,873,1,"2023-10-28 07:03:32"
874,874,1,"2024-01-04 15:43:20"
875,875,1,"2024-07-24 23:11:29"
876,876,1,"2024-06-02 08:07:24"
877,877,1,"2022-09-14 13:29:02"
878,878,1,"2024-05-14 14:18:35"
879,879,1,"2023-06-19 13:59:12"
880,880,1,"2024-04-19 07:26:14"
881,881,1,"2024-04-24 16:22:34"
882,882,1,"2023-01-25 00:23:05"
883,883,1,"2023-03-19 16:51:12"
884,884,1,"2022-03-31 19:45:52"
885,885,1,"2023-07-17 07:00:53"
886,886,1,"2023-11-11 01:07:04"
887,887,1,"2024-04-11 20:03:31"
888,888,1,"2023-05-07 14:34:48"
889,889,1,"2022-11-11 23:08:12"
890,890,1,"2025-01-22 13:55:56"
891,891,1,"2023-03-16 03:12:03"
892,892,1,"2025-02-03 23:16:08"
893,893,1,"2023-10-11 15:14:28"
894,894,1,"2023-09-12 21:13:47"
895,895,1,"2025-01-29 00:36:44"
896,896,1,"2025-01-04 00:21:01"
897,897,1,"2023-04-12 03:41:22"
898,898,1,"2023-12-17 07:14:19"
899,899,1,"2022-07-13 13:02:32"
900,900,1,"2022-03-27 00:13:33"
901,901,1,"2023-06-15 03:31:52"
902,902,1,"2022-04-14 06:20:34"
903,903,1,"2025-02-09 20:12:01"
904,904,1,"2023-05-11 03:03:58"
905,905,1,"2024-07-26 22:42:28"
906,906,1,"2024-05-24 16:56:59"
907,907,1,"2022-03-16 11:18:04"
908,908,1,"2024-02-05 17:54:46"
909,909,1,"2022-10-24 23:19:55"
910,910,1,"2023-05-15 09:16:01"
911,911,1,"2024-06-23 02:45:52"
912,912,1,"2022-07-13 21:53:11"
913,913,1,"2023-08-08 03:39:06"
914,914,1,"2022-06-02 08:26:21"
915,915,1,"2023-04-28 12:30:09"
916,916,1,"2024-02-25 05:28:42"
917,917,1,"2022-10-09 10:48:50"
918,918,1,"2025-01-26 23:38:46"
919,919,1,"2024-04-05 02:32:03"
920,920,1,"2024-02-01 20:41:29"
921,921,1,"2025-02-09 16:15:34"
922,922,1,"2025-02-16 03:10:00"
923,923,1,"2022-03-30 17:15:28"
924,924,1,"2024-04-03 10:01:16"
925,925,1,"2022-06-16 04:49:03"
926,926,1,"2024-02-21 09:02:43"
927,927,1,"2024-05-11 16:42:56"
928,928,1,"2022-05-22 13:01:13"
929,929,1,"2024-11-28 23:22:35"
930,930,1,"2024-08-23 03:31:45"
931,931,1,"2023-10-29 07:02:22"
932,932,1,"2022-09-01 11:04:43"
933,933,1,"2023-01-18 08:23:23"
934,934,1,"2022-09-06 09:32:25"
935,935,1,"2024-04-19 18:09:04"
936,936,1,"2022-05-17 06:18:41"
937,937,1,"2022-03-08 10:47:13"
938,938,1,"2023-11-25 00:18:11"
939,939,1,"2022-03-22 13:37:43"
940,940,1,"2022-11-23 11:26:16"
941,941,1,"2023-10-19 06:47:22"
942,942,1,"2022-11-30 07:56:35"
943,943,1,"2024-12-18 09:42:55"
944,944,1,"2023-12-01 17:53:04"
945,945,1,"2024-07-14 03:26:47"
946,946,1,"2024-09-05 12:29:17"
947,947,1,"2024-12-06 15:43:35"
948,948,1,"2022-05-22 00:46:57"
949,949,1,"2022-09-28 19:39:23"
950,950,1,"2022-06-01 09:50:48"
951,951,1,"2024-12-26 19:10:13"
952,952,1,"2022-11-02 21:12:26"
953,953,1,"2024-10-28 22:18:50"
954,954,1,"2024-12-20 14:44:57"
955,955,1,"2024-10-22 18:49:36"
956,956,1,"2023-06-10 12:00:40"
957,957,1,"2022-11-11 14:36:53"
958,958,1,"2024-03-17 22:35:09"
959,959,1,"2025-01-15 17:58:41"
960,960,1,"2022-09-18 08:05:53"
961,961,1,"2024-12-15 10:45:12"
962,962,1,"2022-07-22 14:23:49"
963,963,1,"2022-09-20 14:26:29"
964,964,1,"2023-06-23 07:12:50"
965,965,1,"2024-05-05 08:54:43"
966,966,1,"2025-01-19 09:13:58"
967,967,1,"2024-09-11 08:47:15"
968,968,1,"2023-07-19 20:09:02"
969,969,1,"2022-12-08 03:20:15"
970,970,1,"2024-08-14 09:56:46"
971,971,1,"2023-03-01 06:34:44"
972,972,1,"2022-04-15 04:54:24"
973,973,1,"2024-10-01 13:06:55"
974,974,1,"2022-07-11 23:08:38"
975,975,1,"2024-01-04 01:51:38"
976,976,1,"2024-03-21 08:26:04"
977,977,1,"2023-11-22 04:47:50"
978,978,1,"2024-09-27 12:26:11"
979,979,1,"2022-11-10 06:10:04"
980,980,1,"2024-06-06 01:46:51"
981,981,1,"2023-03-28 04:40:33"
982,982,1,"2022-05-27 21:54:13"
983,983,1,"2023-04-26 15:23:28"
984,984,1,"2024-03-11 13:25:25"
985,985,1,"2023-08-15 14:08:21"
986,986,1,"2022-11-01 12:25:41"
987,987,1,"2025-01-19 01:53:35"
988,988,1,"2023-04-11 22:17:11"
989,989,1,"2023-07-26 17:08:23"
990,990,1,"2024-01-24 07:06:05"
991,991,1,"2024-11-24 17:30:38"
992,992,1,"2024-05-05 01:48:07"
993,993,1,"2024-03-14 02:05:28"
994,994,1,"2023-07-03 10:36:45"
995,995,1,"2023-07-22 16:51:35"
996,996,1,"2024-10-20 20:37:29"
997,997,1,"2024-02-07 03:55:12"
998,998,1,"2023-06-21 15:16:06"
999,999,1,"2023-10-28 10:25:53"
1000,1000,1,"2024-03-13 06:29:18"
