order_id,order_date,customer_id,shipping_method_id,dest_address_id
1,"2022-09-05 23:04:39",509,3,1
2,"2024-07-20 07:23:35",709,4,1
3,"2024-02-29 17:52:16",821,2,1
4,"2023-12-11 22:07:06",995,1,1
5,"2023-04-13 08:30:42",1134,3,1
6,"2024-08-14 23:45:46",1141,1,1
7,"2023-02-03 03:59:37",1771,2,1
8,"2023-12-05 19:06:49",818,1,2
9,"2023-08-14 04:19:26",929,1,2
10,"2022-03-02 19:14:03",1606,3,2
11,"2024-05-30 03:38:22",344,2,3
12,"2023-02-12 05:08:39",1267,3,3
13,"2023-04-18 06:05:19",1283,2,3
14,"2023-05-05 10:29:31",1861,3,3
15,"2022-08-19 13:39:11",160,3,4
16,"2023-09-25 10:05:11",287,3,4
17,"2024-01-13 09:52:01",985,1,4
18,"2022-11-07 13:48:03",1290,2,4
19,"2024-08-28 18:30:49",1790,4,4
20,"2024-09-03 00:39:27",37,4,5
21,"2023-09-02 02:58:32",1689,2,5
22,"2022-06-10 15:43:13",1893,1,5
23,"2023-02-21 21:00:34",554,1,6
24,"2023-07-16 06:47:56",1140,2,6
25,"2024-09-26 01:11:50",1523,3,6
26,"2022-12-18 22:39:43",1702,3,6
27,"2023-06-27 00:54:15",1478,3,7
28,"2022-05-03 18:19:27",597,1,8
29,"2022-10-28 17:07:44",1227,3,8
30,"2024-06-04 05:38:04",251,3,9
31,"2023-06-19 13:59:52",1497,4,9
32,"2023-10-19 12:21:05",1173,4,10
33,"2023-10-17 01:48:05",1430,4,10
34,"2023-08-29 08:09:56",1526,3,10
35,"2024-03-07 08:02:25",1609,4,10
36,"2023-04-29 20:22:46",1963,2,10
37,"2023-05-08 15:57:08",215,1,11
38,"2022-07-07 12:46:46",315,4,11
39,"2024-05-30 16:20:40",569,2,11
40,"2023-01-07 16:38:02",726,3,11
41,"2024-06-06 14:02:52",538,1,12
42,"2024-11-01 10:18:29",884,1,12
43,"2022-10-24 10:31:42",1382,4,12
44,"2022-09-13 00:22:07",1638,3,12
45,"2023-10-06 21:21:13",518,3,13
46,"2024-01-11 07:30:09",704,1,13
47,"2022-06-17 11:28:21",719,4,13
48,"2023-04-06 19:33:23",1743,3,13
49,"2022-08-28 17:25:29",1916,3,13
50,"2024-11-30 00:09:56",546,4,14
51,"2022-04-11 03:25:29",1724,2,14
52,"2023-10-11 04:41:15",1741,2,14
53,"2025-01-25 23:20:25",289,3,15
54,"2024-03-02 06:23:00",1836,3,15
55,"2022-05-07 20:19:36",474,4,16
56,"2022-11-22 05:51:44",889,1,16
57,"2022-08-08 13:32:34",1005,1,16
58,"2024-03-17 01:39:33",96,1,17
59,"2024-05-05 18:44:31",150,1,17
60,"2024-06-20 18:16:00",1319,2,17
61,"2022-08-21 23:29:46",1777,3,17
62,"2022-09-10 07:07:37",33,1,18
63,"2022-03-10 09:03:09",56,3,18
64,"2024-02-20 00:57:23",932,3,18
65,"2023-09-19 21:48:10",1585,2,18
66,"2022-03-14 10:44:55",1910,1,18
67,"2024-02-10 21:06:03",1332,3,19
68,"2023-02-21 05:17:02",88,3,20
69,"2023-06-16 19:35:18",179,3,20
70,"2023-03-22 01:43:44",815,1,20
71,"2024-11-07 13:39:26",1202,4,20
72,"2025-01-15 17:01:53",1504,3,20
73,"2022-12-07 21:47:08",1601,4,20
74,"2023-02-27 09:44:53",1934,2,20
75,"2022-05-20 02:14:51",228,2,21
76,"2023-08-16 16:04:29",264,1,21
77,"2024-03-21 10:17:46",1450,1,21
78,"2024-05-15 16:03:29",411,1,22
79,"2024-11-16 09:32:38",1307,4,22
80,"2024-02-18 01:54:57",1451,4,22
81,"2023-05-27 11:36:34",7,1,23
82,"2022-03-29 00:26:21",572,2,23
83,"2024-09-18 12:57:57",866,2,23
84,"2022-04-08 15:30:13",1355,2,23
85,"2022-06-07 22:58:37",1705,2,23
86,"2023-08-12 22:08:12",1914,1,23
87,"2023-07-24 10:54:18",329,4,24
88,"2023-12-02 21:04:08",506,1,24
89,"2022-03-30 03:16:09",770,3,24
90,"2023-02-08 05:35:52",341,1,25
91,"2024-08-12 18:02:18",1068,1,25
92,"2024-07-21 17:27:13",562,3,26
93,"2024-10-22 14:22:39",924,4,26
94,"2024-03-09 09:11:29",1277,4,26
95,"2025-01-25 10:20:32",1472,3,26
96,"2023-06-09 06:53:05",1750,3,26
97,"2023-06-19 02:50:08",717,4,27
98,"2023-09-04 05:01:06",826,4,27
99,"2024-06-11 10:55:54",1700,2,27
100,"2022-03-09 07:38:21",511,4,28
101,"2023-04-19 11:51:44",534,2,28
102,"2022-10-15 01:43:59",1671,4,28
103,"2024-01-25 11:16:29",258,4,29
104,"2022-12-29 19:43:22",1028,3,29
105,"2024-01-30 22:22:02",1260,3,29
106,"2024-05-29 20:34:34",1704,1,29
107,"2023-11-11 10:44:34",340,2,30
108,"2022-06-22 08:01:50",822,1,30
109,"2025-01-05 21:00:05",1268,4,30
110,"2022-11-09 03:51:09",1568,2,30
111,"2024-11-25 17:17:29",1787,4,30
112,"2023-04-07 18:58:10",271,1,31
113,"2024-09-15 01:53:57",420,1,31
114,"2024-11-04 22:27:56",1000,1,31
115,"2023-07-08 14:51:13",1366,1,31
116,"2023-12-31 21:08:06",1831,2,31
117,"2024-02-21 16:59:03",43,4,32
118,"2022-06-30 01:35:28",489,1,32
119,"2022-11-24 10:28:43",935,2,32
120,"2024-05-27 05:52:39",1299,3,32
121,"2022-05-23 06:28:00",1742,2,32
122,"2024-07-28 11:04:31",1897,4,32
123,"2024-03-11 21:20:01",1134,1,33
124,"2024-04-28 06:45:52",1689,3,33
125,"2024-03-16 21:37:42",1762,3,33
126,"2023-11-01 03:09:38",81,1,34
127,"2023-10-04 22:30:00",1213,4,34
128,"2022-09-19 04:09:35",1929,3,34
129,"2024-07-25 09:38:24",1996,2,34
130,"2024-02-07 14:49:30",337,3,35
131,"2022-09-01 16:01:07",832,2,35
132,"2023-07-22 16:02:03",170,2,36
133,"2023-05-05 05:35:01",171,3,36
134,"2023-04-08 22:53:05",482,1,36
135,"2023-11-01 13:39:49",491,4,36
136,"2023-03-28 18:44:54",670,1,36
137,"2024-10-21 06:20:58",977,4,36
138,"2023-12-23 13:00:28",1414,1,36
139,"2024-02-07 11:06:30",1651,2,36
140,"2024-12-15 11:05:39",1824,1,36
141,"2025-01-24 03:55:02",459,4,37
142,"2022-06-10 11:41:01",677,3,37
143,"2022-07-23 07:50:06",1121,4,37
144,"2024-06-04 08:49:11",1467,4,37
145,"2022-11-15 14:09:38",1555,1,37
146,"2024-07-20 10:46:45",1622,3,37
147,"2022-06-06 18:27:36",1940,2,37
148,"2023-12-29 02:50:03",215,3,38
149,"2024-10-12 20:48:43",490,3,38
150,"2022-10-01 23:01:22",917,1,38
151,"2025-01-03 23:13:42",948,4,38
152,"2023-04-02 07:14:12",356,2,39
153,"2023-06-15 13:32:44",860,4,39
154,"2022-03-02 13:20:22",1669,1,39
155,"2022-11-14 00:38:35",761,2,40
156,"2023-10-23 01:16:07",821,1,40
157,"2023-05-05 07:25:12",941,2,40
158,"2023-12-29 22:39:59",1676,3,40
159,"2022-08-17 16:59:00",278,2,41
160,"2023-10-03 11:47:26",477,1,41
161,"2024-07-01 12:16:20",669,3,41
162,"2022-07-04 20:09:53",805,2,41
163,"2022-12-02 21:46:56",1142,4,41
164,"2024-09-22 05:28:55",1215,1,41
165,"2022-04-28 17:13:11",1392,2,41
166,"2023-05-22 02:56:25",1649,2,41
167,"2023-03-30 09:59:28",742,3,42
168,"2022-12-03 08:28:15",813,3,42
169,"2024-02-16 12:07:50",298,1,43
170,"2022-12-04 23:20:47",1928,1,43
171,"2022-03-31 11:30:47",280,1,44
172,"2023-02-14 21:43:57",295,1,44
173,"2024-12-05 10:24:17",780,2,44
174,"2024-05-11 15:12:06",1442,2,44
175,"2024-04-12 16:17:26",1559,1,45
176,"2024-11-23 17:48:32",74,4,46
177,"2022-04-30 12:51:35",181,1,46
178,"2024-12-09 01:09:26",717,4,46
179,"2022-09-16 15:21:21",754,3,46
180,"2022-10-21 06:26:55",1443,4,46
181,"2023-09-08 21:25:30",1481,3,46
182,"2024-08-17 02:08:28",1784,2,46
183,"2022-07-16 04:57:31",93,3,47
184,"2022-05-13 16:02:49",1046,1,47
185,"2022-11-13 09:22:15",1824,2,47
186,"2024-12-29 22:43:27",1930,4,47
187,"2024-12-10 00:31:30",1969,4,47
188,"2022-09-25 10:33:37",193,3,48
189,"2023-03-28 17:01:37",429,2,48
190,"2022-09-20 01:34:14",726,1,48
191,"2023-04-21 09:42:04",346,1,49
192,"2024-01-31 15:17:36",381,3,49
193,"2024-09-02 00:21:56",904,4,49
194,"2022-10-19 02:24:34",1715,2,49
195,"2023-11-29 07:35:34",223,4,50
196,"2022-12-02 15:40:47",590,3,50
197,"2024-01-29 02:41:10",1021,3,50
198,"2024-12-25 19:01:27",775,2,51
199,"2022-11-01 14:23:09",1211,3,51
200,"2024-10-12 19:13:01",1746,3,51
201,"2024-03-01 08:45:09",129,1,52
202,"2024-11-22 06:27:01",841,2,52
203,"2023-04-18 08:53:04",1428,4,52
204,"2022-05-06 03:51:26",302,4,53
205,"2024-08-31 06:25:49",1310,2,53
206,"2023-05-18 04:33:47",113,3,54
207,"2022-12-10 17:55:44",376,3,54
208,"2023-04-24 00:41:03",247,2,55
209,"2022-03-17 08:44:41",252,4,55
210,"2024-12-07 05:05:53",778,4,55
211,"2023-09-14 07:15:49",1558,3,55
212,"2023-09-23 09:13:47",1009,3,56
213,"2023-04-18 03:05:49",554,2,57
214,"2023-10-31 12:52:39",1194,2,57
215,"2022-12-16 13:54:23",163,2,58
216,"2022-07-06 17:25:45",412,1,58
217,"2024-11-24 03:06:07",779,4,58
218,"2023-04-11 11:10:39",1949,1,58
219,"2024-12-08 05:33:36",75,4,59
220,"2023-02-19 18:08:44",103,1,59
221,"2024-12-12 19:49:45",510,2,59
222,"2024-08-16 10:32:45",681,1,59
223,"2023-02-20 11:00:52",1044,1,59
224,"2024-10-16 07:28:00",1234,4,59
225,"2024-08-12 07:50:23",1314,1,59
226,"2024-05-04 22:51:37",1563,4,59
227,"2023-10-09 16:53:33",1917,3,59
228,"2024-05-19 08:19:03",1923,1,59
229,"2023-02-08 19:06:11",571,1,60
230,"2023-05-20 13:12:21",1656,3,60
231,"2025-02-07 20:05:21",196,2,61
232,"2022-05-19 11:56:43",1255,2,61
233,"2024-01-19 11:15:39",1398,3,61
234,"2023-05-06 23:33:03",1779,2,61
235,"2024-11-24 23:13:24",281,2,62
236,"2024-10-25 02:23:23",1635,3,62
237,"2024-03-15 17:29:53",1823,2,62
238,"2022-05-04 12:03:39",1964,3,62
239,"2022-05-21 12:46:44",1971,4,62
240,"2025-01-25 03:21:07",437,1,63
241,"2024-08-22 09:46:58",851,1,63
242,"2022-05-20 00:48:35",899,2,63
243,"2022-04-04 12:26:43",1212,4,63
244,"2022-03-29 02:16:28",1675,3,63
245,"2023-01-10 16:18:39",1857,4,63
246,"2023-02-26 14:32:19",504,2,64
247,"2024-07-03 22:32:32",1074,3,64
248,"2025-01-10 22:33:33",1417,4,65
249,"2022-10-22 22:50:57",1692,4,65
250,"2023-11-19 04:12:25",1831,1,65
251,"2022-04-19 07:23:24",102,1,67
252,"2024-06-28 19:39:11",986,1,67
253,"2023-06-28 08:00:14",1389,3,67
254,"2023-08-25 12:17:50",1488,3,67
255,"2023-09-18 06:43:01",107,3,68
256,"2023-07-08 06:02:58",640,4,69
257,"2022-03-07 19:35:30",1120,1,69
258,"2022-08-01 18:54:06",1004,4,70
259,"2024-04-02 03:54:43",531,1,71
260,"2022-05-08 13:18:48",804,1,71
261,"2022-03-02 14:50:53",1282,2,71
262,"2023-10-23 07:23:56",473,4,72
263,"2023-09-04 20:03:03",1040,1,72
264,"2024-05-13 15:28:50",1044,4,72
265,"2023-09-02 06:46:40",1157,4,72
266,"2022-03-22 02:33:17",136,1,73
267,"2024-12-11 00:38:47",335,3,73
268,"2023-10-14 02:23:37",619,1,73
269,"2022-03-09 04:45:52",1476,3,73
270,"2023-03-30 10:05:11",1748,1,73
271,"2024-09-28 17:51:52",606,3,74
272,"2022-10-06 21:45:03",962,1,74
273,"2022-08-14 01:35:22",1562,1,75
274,"2022-08-21 15:32:52",1692,4,75
275,"2024-05-11 06:12:20",1882,2,75
276,"2023-11-23 15:04:55",204,4,76
277,"2023-07-26 03:48:29",339,2,76
278,"2024-06-22 21:43:15",1266,1,76
279,"2023-10-08 07:31:28",859,1,78
280,"2023-02-07 08:35:02",1298,4,78
281,"2022-10-31 12:28:46",1515,3,78
282,"2023-09-05 04:57:30",1652,4,78
283,"2024-03-07 18:59:55",1704,2,79
284,"2023-03-07 17:27:10",679,2,80
285,"2023-07-29 05:43:02",1296,3,80
286,"2025-01-25 12:39:23",1878,4,80
287,"2022-12-20 10:07:19",849,3,81
288,"2023-07-26 19:30:46",939,2,81
289,"2023-11-07 04:44:51",1038,4,81
290,"2023-11-05 23:41:27",1119,2,81
291,"2024-03-26 12:30:06",832,3,82
292,"2022-08-19 13:25:00",1649,3,82
293,"2024-09-09 11:30:19",1898,1,82
294,"2024-04-03 14:57:21",1945,1,82
295,"2024-06-12 01:43:01",149,1,83
296,"2022-12-24 07:07:27",1118,2,83
297,"2023-05-18 13:00:38",1261,4,83
298,"2023-02-24 04:11:14",1652,3,83
299,"2024-03-23 23:33:59",494,3,84
300,"2022-10-13 15:10:55",844,2,84
301,"2024-08-14 17:27:44",630,4,85
302,"2024-07-22 16:14:50",1544,1,85
303,"2024-10-22 20:38:27",73,1,86
304,"2024-03-05 19:03:25",1359,1,86
305,"2024-11-15 21:25:10",1738,4,86
306,"2022-11-08 08:33:41",86,2,87
307,"2023-02-13 06:59:43",419,1,87
308,"2022-05-17 20:57:47",598,1,87
309,"2023-11-09 12:26:43",675,1,87
310,"2022-09-10 12:53:54",1711,1,87
311,"2023-03-29 02:09:56",1993,1,87
312,"2023-02-08 10:09:41",1151,1,89
313,"2024-08-25 18:40:55",1490,3,89
314,"2022-03-25 12:36:32",1685,4,89
315,"2022-04-14 12:32:07",1719,2,89
316,"2024-02-16 17:47:38",241,2,90
317,"2022-09-05 22:22:09",410,4,90
318,"2023-07-21 13:58:30",1510,3,90
319,"2023-03-07 05:18:18",1733,2,90
320,"2023-03-23 12:07:21",444,1,91
321,"2024-06-07 03:41:07",1143,2,91
322,"2023-01-08 22:01:30",1702,1,91
323,"2024-04-23 14:24:34",867,1,92
324,"2022-07-08 16:39:35",980,4,92
325,"2024-10-26 07:57:07",1237,3,92
326,"2024-09-22 14:15:11",11,3,93
327,"2023-03-30 20:20:39",264,2,93
328,"2022-11-16 07:21:59",342,4,93
329,"2023-03-25 17:58:04",642,4,93
330,"2024-04-14 00:11:45",1337,4,93
331,"2023-02-23 23:06:44",290,3,94
332,"2025-01-15 18:28:34",1051,2,94
333,"2023-04-16 12:08:13",723,1,95
334,"2023-11-26 05:25:13",1501,4,95
335,"2024-05-02 06:51:29",64,3,96
336,"2024-01-17 22:37:20",160,4,96
337,"2023-08-31 21:12:13",382,3,96
338,"2025-01-08 20:22:24",79,1,97
339,"2024-04-08 17:21:47",292,1,97
340,"2024-09-19 15:38:31",1105,1,97
341,"2025-01-13 10:01:56",393,4,98
342,"2024-01-08 14:56:31",789,1,98
343,"2022-11-12 14:42:26",936,2,98
344,"2025-01-14 14:04:02",734,2,99
345,"2022-10-11 04:00:49",1099,4,99
346,"2023-03-07 10:45:35",1383,4,99
347,"2024-03-22 13:25:02",245,4,100
348,"2022-06-07 03:11:36",261,3,100
349,"2023-12-20 01:01:22",396,1,100
350,"2024-04-20 03:47:51",822,1,100
351,"2022-10-30 04:03:01",875,2,100
352,"2024-10-23 07:52:50",1014,1,100
353,"2024-10-09 06:22:56",1984,2,101
354,"2024-03-08 15:26:31",473,3,102
355,"2022-05-12 09:03:47",845,4,102
356,"2022-12-20 22:19:32",1152,4,102
357,"2023-12-25 19:43:10",1166,1,102
358,"2022-10-01 18:50:39",1482,2,102
359,"2023-03-16 01:39:58",355,1,103
360,"2024-11-25 19:09:49",1624,2,103
361,"2023-02-21 02:13:05",1758,1,103
362,"2022-04-30 02:46:23",999,1,104
363,"2022-09-27 21:49:45",1045,3,104
364,"2022-11-29 18:53:55",1852,4,104
365,"2022-06-20 07:43:05",65,4,105
366,"2024-06-16 13:39:29",617,1,105
367,"2024-04-27 11:08:48",935,4,105
368,"2024-10-12 05:58:07",998,1,105
369,"2022-10-02 02:11:10",1007,2,105
370,"2025-01-12 00:55:21",1507,2,105
371,"2023-09-01 10:57:31",1564,2,105
372,"2022-03-05 21:00:47",204,2,106
373,"2024-02-14 01:43:38",1107,2,106
374,"2023-07-09 00:48:15",1738,4,106
375,"2024-07-20 12:50:18",793,3,107
376,"2022-08-18 09:47:44",1984,1,107
377,"2024-10-08 11:40:21",558,1,108
378,"2022-10-18 02:43:14",1626,1,108
379,"2022-12-17 07:44:40",30,4,109
380,"2022-11-18 15:45:50",404,4,109
381,"2022-11-27 02:54:54",550,2,109
382,"2024-01-19 22:36:55",672,4,109
383,"2024-08-23 08:33:36",1187,2,109
384,"2022-08-01 20:12:26",296,2,110
385,"2023-01-28 08:00:10",1687,1,110
386,"2023-12-22 07:17:24",1708,3,110
387,"2024-08-14 07:35:30",1053,4,111
388,"2022-10-26 19:44:11",1388,2,111
389,"2024-10-09 07:46:05",1816,3,111
390,"2024-02-16 07:04:10",459,2,112
391,"2024-03-31 05:30:41",870,1,112
392,"2023-05-10 06:11:36",1654,3,112
393,"2023-04-21 09:10:28",57,1,113
394,"2024-05-10 11:40:52",273,1,113
395,"2023-11-14 08:28:25",385,2,113
396,"2023-02-06 20:58:21",549,1,113
397,"2024-11-21 23:19:00",1065,3,113
398,"2023-11-10 03:22:14",1354,4,113
399,"2024-01-23 11:17:46",1369,1,113
400,"2022-04-01 05:23:44",361,4,114
401,"2024-12-09 13:57:09",1103,4,114
402,"2023-06-17 13:38:32",1430,4,114
403,"2025-01-18 02:44:01",1492,2,114
404,"2023-08-11 14:15:51",1774,3,114
405,"2023-12-09 19:31:07",227,1,115
406,"2022-02-26 15:34:50",692,2,115
407,"2024-04-17 13:27:59",773,3,115
408,"2024-01-01 08:44:34",839,4,115
409,"2023-03-02 10:01:09",1106,2,115
410,"2024-12-07 04:46:50",1258,1,115
411,"2024-01-26 13:45:38",1445,2,115
412,"2024-09-18 15:31:56",1907,2,115
413,"2023-10-15 16:22:10",363,1,116
414,"2024-04-27 16:20:06",1075,4,116
415,"2024-10-30 08:08:30",1284,3,116
416,"2023-09-08 20:46:59",1459,3,116
417,"2024-05-17 22:42:24",1841,1,117
418,"2023-10-17 17:29:06",1850,1,117
419,"2024-06-23 20:57:27",199,4,118
420,"2024-10-03 13:55:50",1493,2,118
421,"2023-11-19 17:09:59",138,1,119
422,"2022-10-11 21:53:24",207,4,119
423,"2024-08-14 10:31:01",496,1,120
424,"2024-08-01 15:55:03",1393,2,120
425,"2022-05-04 04:53:06",1729,1,120
426,"2024-12-10 10:39:38",1939,4,120
427,"2022-09-10 03:41:17",284,3,121
428,"2022-06-07 11:13:55",409,2,121
429,"2022-10-12 01:19:06",856,2,121
430,"2022-09-14 09:03:58",1205,4,121
431,"2024-02-21 05:29:36",1542,2,121
432,"2022-02-22 11:53:00",436,4,122
433,"2022-04-08 21:26:40",824,2,122
434,"2024-08-07 01:36:08",1525,3,122
435,"2022-10-15 18:32:44",1646,4,122
436,"2024-05-17 15:02:56",451,3,123
437,"2022-11-13 12:07:21",1965,2,123
438,"2024-11-17 11:59:38",58,3,124
439,"2022-09-24 11:53:03",458,1,124
440,"2023-09-29 10:57:34",665,4,124
441,"2023-05-11 18:22:24",1221,3,124
442,"2024-11-28 23:33:55",123,3,125
443,"2024-11-27 07:29:08",144,2,125
444,"2022-11-01 15:14:35",158,3,125
445,"2022-06-27 19:21:06",238,3,125
446,"2022-07-18 03:35:53",730,4,125
447,"2023-09-24 03:18:10",748,4,125
448,"2024-10-06 19:28:25",1647,4,125
449,"2024-10-19 17:22:48",4,4,126
450,"2022-02-20 00:03:35",1688,2,126
451,"2022-03-09 01:49:03",126,3,128
452,"2023-01-21 23:06:07",259,2,128
453,"2024-03-27 03:40:49",632,3,128
454,"2023-10-07 19:06:51",667,2,128
455,"2022-03-29 07:09:00",1146,1,128
456,"2024-06-11 00:55:35",354,1,129
457,"2023-01-30 14:21:21",369,1,129
458,"2022-05-06 13:31:45",698,1,129
459,"2023-08-09 20:57:25",355,2,130
460,"2024-03-14 01:31:23",1294,2,130
461,"2024-02-26 21:25:42",1563,2,130
462,"2023-12-16 22:32:08",1960,1,130
463,"2023-08-12 08:25:23",270,1,131
464,"2024-10-17 18:19:20",794,1,131
465,"2023-06-05 21:24:59",1467,2,131
466,"2022-09-29 15:07:06",1082,1,133
467,"2025-02-03 11:36:13",556,4,134
468,"2024-11-23 01:30:21",1159,4,134
469,"2023-12-22 09:17:00",192,1,135
470,"2023-03-27 07:56:10",448,3,135
471,"2023-06-24 08:20:31",601,3,135
472,"2022-10-09 04:10:27",206,4,136
473,"2022-02-19 17:20:02",535,2,136
474,"2022-06-15 16:52:57",843,2,137
475,"2022-03-14 09:51:52",671,4,138
476,"2023-06-26 00:35:17",1126,1,138
477,"2023-03-06 07:29:40",1317,1,138
478,"2023-10-22 06:12:24",1643,4,138
479,"2023-07-13 15:35:00",316,4,139
480,"2024-08-15 13:19:26",1462,3,139
481,"2023-11-14 06:00:26",1687,2,139
482,"2023-09-14 07:19:33",1915,2,139
483,"2024-04-26 02:13:41",786,2,140
484,"2022-07-10 13:30:29",1603,2,140
485,"2024-11-08 09:42:18",1723,2,140
486,"2022-05-13 03:55:34",1831,2,140
487,"2022-12-23 00:21:17",210,3,141
488,"2024-01-27 08:30:27",378,3,141
489,"2024-05-23 03:33:15",721,2,141
490,"2023-08-08 04:03:57",1512,4,142
491,"2023-09-05 10:21:57",1569,1,142
492,"2023-04-11 05:27:43",654,1,143
493,"2023-11-30 23:35:27",896,4,143
494,"2024-09-17 04:10:20",905,1,143
495,"2025-02-08 00:03:35",988,4,143
496,"2022-06-01 00:41:14",1262,1,143
497,"2024-09-12 01:37:33",1297,1,143
498,"2023-05-09 13:48:23",1372,2,143
499,"2022-03-15 20:47:44",1567,4,143
500,"2024-06-21 19:57:38",130,3,144
501,"2023-12-22 13:11:36",317,1,144
502,"2024-01-17 12:07:58",331,3,144
503,"2023-11-22 04:53:16",389,3,144
504,"2023-04-27 20:46:28",760,2,144
505,"2022-11-12 03:49:50",1461,4,144
506,"2022-04-28 18:54:49",1815,1,144
507,"2022-02-28 01:59:11",1829,2,144
508,"2023-12-02 00:37:24",161,3,145
509,"2022-10-22 07:04:10",505,1,145
510,"2024-11-08 21:48:56",924,1,145
511,"2022-10-31 03:58:28",1217,1,145
512,"2022-11-12 12:16:39",233,1,146
513,"2023-09-30 18:36:22",1052,4,146
514,"2022-03-21 16:07:31",1758,1,146
515,"2024-03-21 08:01:35",766,4,147
516,"2025-01-05 20:28:46",74,4,148
517,"2025-02-13 17:58:31",358,3,148
518,"2022-12-26 02:19:04",398,4,148
519,"2023-05-22 15:21:52",912,1,148
520,"2023-04-26 20:10:07",1095,4,148
521,"2024-05-02 18:01:34",1165,4,148
522,"2023-05-02 06:05:04",353,2,149
523,"2025-01-30 14:28:25",1226,4,149
524,"2022-05-27 17:20:25",1532,3,149
525,"2024-09-05 20:18:24",1769,1,149
526,"2023-02-19 02:52:10",485,2,150
527,"2024-03-21 04:51:41",600,3,150
528,"2022-10-06 07:38:39",634,3,151
529,"2024-04-22 18:35:24",192,1,152
530,"2024-10-21 09:31:10",1927,4,152
531,"2023-05-06 02:39:41",409,1,153
532,"2024-01-20 01:59:44",726,3,153
533,"2023-09-16 03:03:56",1018,1,153
534,"2022-10-07 05:23:26",1142,1,153
535,"2022-12-20 15:55:56",1433,4,153
536,"2023-04-29 03:18:05",1847,1,153
537,"2022-03-25 04:26:21",1,2,154
538,"2022-03-20 19:44:05",100,3,154
539,"2022-11-07 12:06:38",504,3,154
540,"2023-01-07 17:35:32",1551,3,154
541,"2023-06-29 22:21:34",1721,3,154
542,"2024-12-30 15:36:13",109,3,155
543,"2022-05-06 12:20:18",146,4,155
544,"2024-05-04 11:05:54",471,4,155
545,"2023-03-08 16:55:35",1110,3,155
546,"2022-03-15 18:49:20",1176,1,155
547,"2022-12-30 02:23:21",1449,1,155
548,"2022-11-18 09:05:47",1788,1,155
549,"2022-07-29 20:26:04",1890,3,155
550,"2023-10-19 07:29:26",627,2,156
551,"2022-10-15 19:30:54",795,3,156
552,"2022-08-07 04:28:23",1448,2,156
553,"2025-01-21 18:27:36",1595,1,156
554,"2022-07-21 11:34:58",1088,3,157
555,"2024-09-30 19:02:24",370,2,158
556,"2023-01-31 06:37:07",481,1,158
557,"2022-08-16 15:29:44",769,3,158
558,"2022-11-26 07:57:11",938,4,158
559,"2023-05-01 00:45:15",137,3,159
560,"2022-12-05 03:51:21",257,3,159
561,"2023-06-11 07:34:33",859,1,159
562,"2024-11-09 02:20:34",1333,4,159
563,"2023-02-13 13:25:59",1844,2,159
564,"2022-05-07 07:14:59",1879,2,159
565,"2023-04-20 05:56:56",1597,3,160
566,"2024-05-15 12:53:06",1902,2,160
567,"2024-02-28 12:22:38",86,2,161
568,"2022-07-03 12:18:24",1304,2,161
569,"2022-11-28 15:32:02",1484,4,161
570,"2024-07-15 05:29:26",1680,2,161
571,"2024-11-01 01:37:14",1848,2,161
572,"2024-11-02 18:28:37",432,1,162
573,"2022-03-31 13:34:51",1756,3,162
574,"2023-11-24 08:50:46",1821,1,162
575,"2024-08-18 10:57:07",426,3,163
576,"2023-09-21 21:34:44",774,3,163
577,"2023-11-08 12:32:04",23,2,164
578,"2022-07-05 09:02:51",917,1,164
579,"2022-10-08 00:11:53",1745,3,164
580,"2024-10-20 07:26:22",756,2,165
581,"2022-03-01 08:40:06",1217,3,165
582,"2022-08-28 14:51:03",1836,2,165
583,"2022-10-23 01:15:10",1894,3,165
584,"2024-03-31 23:14:54",511,4,166
585,"2023-04-05 11:32:55",309,2,167
586,"2024-06-21 23:17:41",791,4,167
587,"2023-06-22 15:45:59",978,1,167
588,"2023-07-10 07:00:40",1618,4,167
589,"2024-06-12 04:25:09",1875,1,167
590,"2023-08-08 09:58:00",407,4,168
591,"2023-03-13 18:42:00",637,3,168
592,"2023-02-15 14:42:04",1060,1,168
593,"2022-05-28 04:07:31",1074,4,168
594,"2024-05-02 07:10:37",1362,2,168
595,"2022-07-15 16:20:11",1810,2,168
596,"2024-12-19 18:54:18",1938,2,168
597,"2024-05-22 09:16:11",1977,2,169
598,"2024-06-26 19:05:00",280,4,170
599,"2022-07-18 04:15:35",1634,3,170
600,"2023-09-24 18:17:26",785,3,171
601,"2024-10-18 10:17:13",981,1,171
602,"2022-05-23 19:56:34",1019,2,171
603,"2024-01-18 11:26:01",1287,3,171
604,"2023-03-10 02:51:30",1367,3,171
605,"2024-11-29 12:30:29",452,3,172
606,"2023-06-25 09:02:06",27,1,173
607,"2022-09-15 00:11:51",729,4,173
608,"2023-11-08 07:32:25",808,4,173
609,"2022-09-01 10:35:32",1979,3,173
610,"2022-10-18 02:29:33",663,4,174
611,"2023-11-24 13:07:51",869,1,174
612,"2022-09-12 00:09:30",928,2,174
613,"2022-12-11 17:56:02",1566,2,174
614,"2023-06-25 16:25:21",106,3,175
615,"2022-06-11 19:43:38",318,2,175
616,"2024-11-21 00:07:12",342,2,175
617,"2023-09-23 05:50:24",633,2,175
618,"2024-08-04 02:58:54",1555,4,175
619,"2024-07-04 17:11:45",1937,1,175
620,"2024-02-20 00:59:18",1962,1,175
621,"2023-10-28 21:07:09",1384,4,176
622,"2024-03-23 21:28:33",320,3,177
623,"2022-09-11 15:04:17",1878,4,177
624,"2022-12-16 10:10:44",154,1,178
625,"2023-09-25 22:51:43",497,4,179
626,"2024-02-17 19:52:15",581,4,179
627,"2024-09-05 16:53:29",60,2,180
628,"2022-07-26 11:12:06",1017,2,180
629,"2022-06-01 01:54:58",1174,1,180
630,"2023-07-28 20:41:46",1404,2,180
631,"2022-12-12 05:05:10",157,2,181
632,"2024-08-13 19:28:20",402,1,181
633,"2023-01-16 01:18:03",1486,2,181
634,"2023-01-06 06:34:16",1762,2,181
635,"2024-09-13 06:14:59",891,2,182
636,"2024-01-04 00:42:28",904,4,182
637,"2022-08-21 18:18:15",961,4,182
638,"2023-11-03 18:30:56",965,4,182
639,"2023-01-11 08:09:41",1093,1,182
640,"2023-10-10 01:31:49",1150,4,182
641,"2024-03-23 16:43:42",1353,3,182
642,"2023-02-24 05:10:16",114,1,183
643,"2022-08-01 08:47:49",789,4,183
644,"2024-07-07 13:42:30",1345,4,183
645,"2024-05-18 02:23:19",927,4,184
646,"2022-05-04 07:06:52",1632,4,184
647,"2023-10-24 06:46:46",205,3,186
648,"2022-03-08 05:53:06",1133,4,186
649,"2022-12-10 15:54:14",1293,4,186
650,"2025-01-19 22:18:39",1560,3,186
651,"2022-05-13 05:52:27",582,4,187
652,"2024-03-10 19:55:03",1178,1,187
653,"2023-03-05 02:40:02",1608,4,187
654,"2023-05-13 04:31:18",1849,1,187
655,"2024-02-15 03:00:52",1944,1,187
656,"2024-11-20 05:40:51",1582,2,188
657,"2023-07-25 21:54:47",194,3,189
658,"2024-07-09 18:19:22",745,2,189
659,"2024-08-25 20:01:17",532,3,190
660,"2024-06-22 12:36:08",737,4,190
661,"2022-12-20 00:21:11",787,4,190
662,"2022-11-24 02:23:39",419,4,191
663,"2023-02-14 07:24:48",846,1,191
664,"2025-01-14 12:24:31",1114,1,191
665,"2023-06-18 14:09:00",1254,2,191
666,"2024-03-20 02:16:30",1827,2,191
667,"2022-10-05 00:58:47",1868,4,191
668,"2024-04-08 11:14:30",1995,3,191
669,"2024-02-04 01:52:50",490,4,192
670,"2022-02-22 19:39:24",519,3,192
671,"2022-09-16 09:39:15",717,2,192
672,"2023-12-12 19:37:28",894,4,192
673,"2024-06-05 11:04:58",1864,3,192
674,"2022-06-01 23:03:17",184,4,193
675,"2024-11-06 15:24:05",1026,3,193
676,"2023-03-23 02:14:12",1380,2,193
677,"2024-05-11 12:59:14",1100,4,194
678,"2024-08-23 23:43:46",183,4,195
679,"2022-11-03 11:04:44",405,2,195
680,"2024-12-06 10:02:09",154,3,196
681,"2023-12-18 08:04:30",1078,2,196
682,"2022-09-11 04:12:24",1524,4,196
683,"2022-04-25 20:21:27",30,1,197
684,"2023-07-15 02:02:06",384,2,197
685,"2023-02-14 12:32:59",1850,4,197
686,"2022-04-22 17:13:59",506,3,199
687,"2022-07-08 11:35:08",737,1,199
688,"2024-11-08 06:07:56",999,1,199
689,"2022-05-29 01:20:55",1154,2,199
690,"2023-10-22 07:32:09",1662,4,199
691,"2024-06-20 00:08:59",38,2,200
692,"2024-06-10 20:07:29",83,1,200
693,"2024-01-03 10:07:28",333,4,201
694,"2024-12-07 00:20:45",1990,4,201
695,"2022-06-29 00:33:18",1130,4,202
696,"2024-09-15 20:32:15",1436,4,202
697,"2022-11-10 14:19:17",1835,2,202
698,"2024-09-27 04:22:24",1877,4,202
699,"2023-02-17 15:18:19",364,4,203
700,"2023-08-14 00:32:38",496,4,203
701,"2023-05-04 05:41:29",622,3,203
702,"2022-08-31 20:20:49",783,3,203
703,"2024-05-26 12:28:17",863,3,203
704,"2024-06-08 18:56:18",1027,2,203
705,"2024-07-02 20:41:15",1130,4,203
706,"2022-06-06 19:43:26",65,4,204
707,"2024-06-05 09:40:05",1001,4,204
708,"2024-01-27 19:17:02",105,2,205
709,"2023-05-04 04:29:02",311,4,205
710,"2024-07-19 20:44:40",804,4,205
711,"2024-03-20 06:53:27",940,3,205
712,"2024-12-21 05:19:56",1991,2,205
713,"2024-05-02 04:23:49",710,4,206
714,"2023-05-27 00:39:28",1749,2,206
715,"2023-05-22 10:01:35",1892,1,206
716,"2022-07-24 05:41:17",113,4,207
717,"2024-12-10 06:56:20",460,3,207
718,"2023-09-07 21:45:02",937,4,207
719,"2023-04-27 03:54:51",1544,3,207
720,"2024-09-06 11:43:02",1629,4,207
721,"2023-12-03 08:30:16",1936,1,207
722,"2024-02-26 21:14:09",1527,2,208
723,"2023-06-20 04:02:36",1722,4,208
724,"2023-04-03 18:48:25",293,3,210
725,"2022-06-07 22:02:51",343,4,210
726,"2023-09-24 22:44:33",1617,4,210
727,"2022-10-20 06:47:10",1931,2,210
728,"2023-06-07 09:21:20",647,3,211
729,"2022-10-14 09:47:14",131,4,212
730,"2022-10-29 18:51:45",764,2,212
731,"2023-06-12 19:24:17",808,3,212
732,"2022-10-31 20:01:50",970,4,212
733,"2023-08-08 03:02:35",1222,2,212
734,"2022-09-18 10:38:45",414,1,213
735,"2022-12-14 19:59:17",803,4,213
736,"2023-06-26 09:03:57",1037,4,213
737,"2022-05-28 05:27:50",1903,4,213
738,"2024-02-11 11:19:21",342,2,214
739,"2024-04-29 11:03:30",624,3,215
740,"2024-12-29 01:18:38",1241,3,215
741,"2023-10-02 10:28:44",399,3,216
742,"2024-02-18 08:24:30",344,2,217
743,"2024-07-19 06:33:04",672,3,217
744,"2023-01-12 13:53:58",1032,3,217
745,"2023-06-19 02:13:58",1156,1,217
746,"2024-04-25 02:25:57",1604,4,217
747,"2024-08-14 15:13:28",1671,2,217
748,"2022-10-04 16:28:30",1726,3,217
749,"2023-08-12 21:06:34",1897,4,217
750,"2023-08-19 01:54:28",23,1,218
751,"2022-04-04 03:22:09",1286,3,219
752,"2022-12-22 11:56:49",1748,1,219
753,"2025-01-02 17:46:23",1917,1,219
754,"2024-03-05 03:16:15",348,2,220
755,"2023-01-26 11:17:37",619,2,220
756,"2024-07-17 06:14:44",864,3,220
757,"2023-06-29 06:07:33",994,4,220
758,"2023-03-30 01:17:12",1391,3,220
759,"2024-12-17 06:24:53",1529,3,220
760,"2023-11-30 03:24:26",1589,2,220
761,"2024-06-23 20:06:24",1834,3,220
762,"2023-09-08 04:28:02",1890,3,220
763,"2024-07-05 13:01:13",1979,2,220
764,"2023-05-05 04:17:12",450,3,221
765,"2023-08-31 01:21:55",1545,2,221
766,"2022-05-04 00:27:56",30,1,222
767,"2024-03-26 09:39:45",1877,4,222
768,"2024-03-18 00:29:58",912,1,223
769,"2024-09-13 07:37:50",1375,3,223
770,"2022-03-30 09:35:16",256,4,224
771,"2025-01-29 06:35:53",1489,3,224
772,"2023-02-22 04:10:46",304,1,225
773,"2023-10-17 09:07:39",1240,4,225
774,"2023-07-30 04:54:43",610,3,226
775,"2022-08-10 00:16:56",1625,1,226
776,"2024-02-13 22:15:33",1674,1,226
777,"2022-08-21 01:29:10",558,3,227
778,"2022-10-18 09:00:37",1783,4,227
779,"2024-03-11 02:55:19",594,4,228
780,"2022-04-16 11:31:48",967,2,228
781,"2024-07-23 13:52:43",1216,3,228
782,"2024-11-05 05:01:29",577,2,229
783,"2024-11-06 07:40:08",651,3,229
784,"2022-04-30 17:35:16",1104,3,229
785,"2022-05-19 14:15:03",1801,2,229
786,"2025-01-22 05:34:53",546,1,230
787,"2024-07-15 14:53:35",795,4,230
788,"2023-06-27 05:50:13",910,2,230
789,"2023-03-06 13:58:08",1086,2,230
790,"2023-10-16 09:59:00",1180,4,230
791,"2023-03-22 05:03:51",1571,4,230
792,"2024-11-10 19:28:35",1605,1,230
793,"2022-03-18 01:34:42",275,3,231
794,"2022-12-30 11:48:17",657,2,231
795,"2022-11-05 07:11:10",1812,3,231
796,"2024-11-18 19:23:50",462,2,232
797,"2023-01-01 04:58:32",1584,2,232
798,"2022-11-07 05:03:56",1637,3,232
799,"2024-12-09 16:34:15",19,2,233
800,"2024-01-15 18:21:39",294,4,233
801,"2024-02-03 20:49:23",755,1,233
802,"2024-03-13 03:29:41",608,2,234
803,"2022-09-20 12:05:44",987,4,234
804,"2023-09-07 19:27:57",504,2,235
805,"2022-05-01 10:05:44",1431,1,235
806,"2023-11-28 05:43:28",819,2,236
807,"2024-01-27 07:00:38",1073,4,236
808,"2024-12-30 22:46:58",1123,4,236
809,"2023-02-23 22:52:48",202,1,237
810,"2024-08-10 02:46:57",348,4,237
811,"2024-01-12 04:03:00",652,3,237
812,"2023-11-26 17:00:43",1177,3,237
813,"2023-09-08 11:52:48",1683,4,237
814,"2023-09-16 13:42:57",143,1,238
815,"2023-01-30 22:47:13",559,2,238
816,"2022-12-25 10:36:51",902,3,239
817,"2023-09-20 09:41:28",933,4,239
818,"2023-08-15 05:42:34",476,1,240
819,"2024-02-08 10:21:43",1052,1,240
820,"2022-03-22 14:35:46",1439,2,240
821,"2024-01-18 05:10:16",394,1,241
822,"2024-09-15 03:59:18",820,3,241
823,"2023-10-24 18:20:39",1059,2,241
824,"2024-11-17 13:44:57",398,4,242
825,"2023-03-22 13:14:31",539,2,242
826,"2024-01-23 20:57:20",845,1,242
827,"2025-01-01 04:04:57",381,1,243
828,"2023-04-18 22:04:18",592,3,243
829,"2024-05-21 11:43:29",631,2,243
830,"2024-07-02 13:13:36",701,4,243
831,"2022-11-12 14:53:29",1219,1,243
832,"2023-09-14 08:59:49",1706,4,243
833,"2024-05-12 02:01:29",1665,2,244
834,"2023-05-09 18:35:56",1865,3,245
835,"2022-03-31 12:15:35",1364,1,246
836,"2022-04-14 06:39:00",1872,1,246
837,"2023-12-20 05:06:53",1934,1,246
838,"2022-08-22 02:26:02",98,3,247
839,"2024-03-22 13:18:52",105,4,247
840,"2024-04-18 04:10:22",1782,4,247
841,"2023-06-02 20:33:29",1069,1,248
842,"2024-02-02 06:09:07",1539,1,248
843,"2023-09-16 16:58:12",1805,1,248
844,"2022-06-21 16:10:01",187,2,249
845,"2023-05-10 23:32:43",360,1,249
846,"2024-05-01 02:57:45",1176,3,249
847,"2022-11-25 01:29:06",1285,3,249
848,"2022-11-21 14:39:20",67,4,250
849,"2023-08-10 14:11:40",1195,3,250
850,"2022-05-01 06:53:58",1377,3,250
851,"2024-08-05 16:26:34",1619,1,250
852,"2022-03-01 23:25:15",1853,3,250
853,"2024-07-20 22:06:54",871,1,251
854,"2022-10-31 06:29:59",1020,3,251
855,"2022-08-10 09:33:49",1842,2,251
856,"2024-11-04 16:18:52",102,3,252
857,"2024-05-28 21:00:22",518,3,252
858,"2022-12-09 01:23:31",577,3,252
859,"2022-12-07 18:29:45",911,4,252
860,"2024-02-07 15:59:46",1806,4,252
861,"2022-05-11 06:34:09",747,3,253
862,"2023-08-26 17:57:12",1255,3,253
863,"2024-12-17 07:05:33",1287,4,253
864,"2023-03-23 10:17:05",1396,4,253
865,"2023-05-18 00:40:57",1425,1,253
866,"2023-12-04 05:30:19",1589,2,253
867,"2023-12-22 15:33:48",49,4,254
868,"2022-12-30 19:15:31",947,3,254
869,"2024-12-18 22:56:48",1189,2,254
870,"2023-03-15 11:45:44",1699,1,254
871,"2022-12-03 06:04:04",1779,2,254
872,"2024-06-27 22:31:55",135,1,255
873,"2023-10-28 02:36:03",212,3,255
874,"2024-01-04 03:43:57",901,2,255
875,"2024-07-24 12:36:58",1269,1,255
876,"2024-06-02 03:13:00",1309,3,255
877,"2022-09-14 08:40:32",1675,4,255
878,"2024-05-14 04:59:18",165,2,256
879,"2023-06-19 05:48:16",964,2,256
880,"2024-04-19 06:29:27",531,1,257
881,"2024-04-24 12:11:23",645,3,257
882,"2023-01-24 18:17:32",1167,2,257
883,"2023-03-19 10:57:00",1598,1,257
884,"2022-03-31 08:31:30",267,2,258
885,"2023-07-17 04:31:38",306,4,258
886,"2023-11-10 22:23:53",798,3,258
887,"2024-04-11 13:55:23",1027,2,258
888,"2023-05-07 04:03:38",1316,1,258
889,"2022-11-11 12:56:46",1483,2,258
890,"2025-01-22 06:32:15",1519,3,258
891,"2023-03-15 20:47:55",446,4,259
892,"2025-02-03 13:26:31",1154,1,259
893,"2023-10-11 09:18:46",107,4,260
894,"2023-09-12 21:04:07",1804,2,260
895,"2025-01-28 17:35:30",1913,3,260
896,"2025-01-03 13:43:49",104,2,261
897,"2023-04-11 19:39:05",377,1,261
898,"2023-12-16 22:54:31",943,4,261
899,"2022-07-13 07:30:20",1864,4,262
900,"2022-03-26 21:31:58",21,1,264
901,"2023-06-14 18:40:32",177,3,264
902,"2022-04-14 06:08:41",348,1,264
903,"2025-02-09 09:46:32",700,3,264
904,"2023-05-10 23:32:15",1007,2,264
905,"2024-07-26 12:20:16",1268,4,264
906,"2024-05-24 11:41:08",1284,4,264
907,"2022-03-16 04:05:25",1973,1,264
908,"2024-02-05 09:39:02",522,3,265
909,"2022-10-24 15:39:12",647,1,266
910,"2023-05-15 07:39:36",800,2,266
911,"2024-06-22 17:45:57",833,4,266
912,"2022-07-13 17:42:52",863,3,266
913,"2023-08-07 21:47:15",948,3,267
914,"2022-06-02 03:38:04",198,2,268
915,"2023-04-28 06:04:13",438,3,268
916,"2024-02-24 23:43:55",932,4,268
917,"2022-10-09 01:22:43",1077,3,268
918,"2025-01-26 17:42:29",263,1,269
919,"2024-04-05 01:09:01",847,1,269
920,"2024-02-01 19:35:09",54,1,270
921,"2025-02-09 14:52:57",108,1,270
922,"2025-02-15 23:35:58",229,4,270
923,"2022-03-30 15:33:06",494,4,270
924,"2024-04-03 00:11:32",851,4,270
925,"2022-06-15 20:47:27",862,3,270
926,"2024-02-20 22:23:55",543,4,271
927,"2024-05-11 11:33:43",836,3,271
928,"2022-05-22 07:11:32",1096,2,271
929,"2024-11-28 21:41:48",1113,2,271
930,"2024-08-23 00:36:51",1576,4,271
931,"2023-10-28 21:30:13",1818,1,271
932,"2022-09-01 08:08:42",422,2,272
933,"2023-01-17 22:19:42",1349,1,272
934,"2022-09-06 04:02:04",1521,3,272
935,"2024-04-19 08:48:20",66,4,273
936,"2022-05-17 00:06:04",256,2,273
937,"2022-03-08 07:46:18",310,4,273
938,"2023-11-24 15:51:26",571,2,273
939,"2022-03-22 04:26:45",1528,3,273
940,"2022-11-23 02:51:41",133,1,274
941,"2023-10-19 03:27:18",1438,4,274
942,"2022-11-30 04:59:59",4,2,275
943,"2024-12-18 05:00:08",612,3,275
944,"2023-12-01 15:08:55",1469,2,275
945,"2024-07-13 15:54:25",1637,3,275
946,"2024-09-05 10:59:51",812,1,276
947,"2024-12-06 06:53:33",800,1,277
948,"2022-05-21 21:05:02",534,3,278
949,"2022-09-28 15:39:54",1332,2,278
950,"2022-06-01 00:59:06",1698,1,278
951,"2024-12-26 10:50:10",1828,4,278
952,"2022-11-02 18:07:17",50,2,279
953,"2024-10-28 19:53:15",451,1,279
954,"2024-12-20 11:52:29",1316,1,279
955,"2024-10-22 11:44:00",1714,2,279
956,"2023-06-10 09:10:01",924,3,280
957,"2022-11-11 09:40:28",1138,3,280
958,"2024-03-17 18:25:01",1482,2,280
959,"2025-01-15 11:57:16",565,4,281
960,"2022-09-18 02:29:13",1974,1,281
961,"2024-12-15 00:46:03",39,1,282
962,"2022-07-22 05:18:05",84,2,282
963,"2022-09-20 10:55:17",455,1,282
964,"2023-06-23 04:53:58",1296,1,282
965,"2024-05-05 07:54:02",1488,4,282
966,"2025-01-18 23:07:07",1701,4,283
967,"2024-09-10 21:15:04",131,1,284
968,"2023-07-19 16:48:39",405,1,284
969,"2022-12-07 21:14:53",1822,2,284
970,"2024-08-14 01:31:03",1999,2,284
971,"2023-02-28 18:42:13",90,4,285
972,"2022-04-14 18:49:01",293,4,285
973,"2024-10-01 10:17:30",376,2,285
974,"2022-07-11 15:17:43",1487,3,285
975,"2024-01-03 19:05:16",952,1,286
976,"2024-03-20 22:06:59",1633,2,286
977,"2023-11-21 21:31:30",1853,2,286
978,"2024-09-27 07:01:48",1912,4,286
979,"2022-11-10 00:57:07",1493,2,287
980,"2024-06-05 15:55:13",1506,2,287
981,"2023-03-27 19:01:13",305,2,288
982,"2022-05-27 15:12:30",1199,2,288
983,"2023-04-26 10:52:49",1381,3,288
984,"2024-03-11 10:57:19",272,3,289
985,"2023-08-15 03:19:50",533,2,289
986,"2022-11-01 01:47:21",654,2,289
987,"2025-01-18 17:07:27",669,3,289
988,"2023-04-11 10:21:32",167,4,290
989,"2023-07-26 07:48:29",184,4,290
990,"2024-01-23 20:13:34",1481,4,290
991,"2024-11-24 15:07:45",1854,4,290
992,"2024-05-04 22:31:13",471,3,291
993,"2024-03-13 16:49:38",1004,3,291
994,"2023-07-03 10:08:16",1208,3,291
995,"2023-07-22 06:16:39",406,3,292
996,"2024-10-20 17:08:18",683,2,293
997,"2024-02-06 18:14:01",55,3,294
998,"2023-06-21 13:17:46",162,3,294
999,"2023-10-28 05:37:45",218,2,294
1000,"2024-03-13 00:23:37",1092,3,294
